author,category,content,description,publishedAt,source,title,url,urlToImage,scraping_date
Dok. Yamaha,business,"Foto Oto
Jakarta - Perubahan warna Yamaha Vixion itu dilakukan Yamaha untuk menyesuaikan diri dengan tren gaya hidup dan mampu merefleksikan karakter dari sang pengendara. 
Baju Baru Yamaha Vixion
Perubahan warna Yamaha Vixion itu dilakukan Yamaha untuk me… [+1999 chars]",Perubahan warna Yamaha Vixion itu dilakukan Yamaha untuk menyesuaikan diri dengan tren gaya hidup dan mampu merefleksikan karakter dari sang pengendara.,2019-08-16T02:05:19Z,Detik.com,Baju Baru Yamaha Vixion - Detikcom,https://oto.detik.com/oto-galeri/d-4667818/baju-baru-yamaha-vixion,https://awsimages.detik.net.id/api/wm/2019/08/15/803363c3-23e7-4620-b1c3-9a9fda7b73a9_169.png?wid=54&w=650&v=1&t=jpeg,2019-08-16 11:25:26.051914
Yunisa Herawati,business,"VIVA  Setelah mengalami penurunan penjualan pada Juni 2019, kini Honda Indonesia bisa bergembira. Sebab, mobil mereka laku keras di bulan selanjutnya.
Berdasarkan keterangan resmi PT Honda Prospect Motor sebagai agen pemegang merek, Kamis 15 Agustus 2019, mo… [+1219 chars]","Berita Lihat Angka Penjualan Honda Brio Satya, Siap-siap Kaget terbaru hari ini 2019-08-16 08:24:02 dari sumber yang terpercaya",2019-08-16T01:24:02Z,Viva.co.id,"Lihat Angka Penjualan Honda Brio Satya, Siap-siap Kaget - VIVA - VIVA.co.id",https://www.viva.co.id/otomotif/mobil/1175153-lihat-angka-penjualan-honda-brio-satya-siap-siap-kaget,https://thumb.viva.co.id/media/frontend/thumbs3/2018/09/12/5b98de6a23437-all-new-honda-brio_665_374.jpg,2019-08-16 11:25:26.051914
Agung Kurniawan,business,"JAKARTA, KOMPAS.com - Pada pertengahan Juli lalu, PT Toyota Astra Motor (TAM) mengumumkan kampanye untuk menarik kembali atau recall salah satu produk andalan terbarunya, Toyota Rush produksi Desember 2017 hingga Februari 2019.
Keputusan ini dilakukan untuk … [+1442 chars]",Sampai saat ini kampanye sudah berjalan 42 persen dari total target recall Toyota Rush.,2019-08-16T01:22:00Z,Kompas.com,"Sudah Sebulan, Recall Toyota Rush Sudah 25.000 Unit - Kompas.com - Otomotif Kompas.com",https://otomotif.kompas.com/read/2019/08/16/082200915/sudah-sebulan-recall-toyota-rush-sudah-25.000-unit,"https://asset.kompas.com/crop/0x0:1000x667/780x390/filters:watermark(data/photo/2019/08/13/5d528bbce75f0.png,0,-0,1)/data/photo/2018/04/28/1901481357.jpg",2019-08-16 11:25:26.051914
Rehia Sebayang,business,"Jakarta, CNBC Indonesia - Mantan Gubernur Federal Reserve Janet Yellen menegaskan Amerika Serikat (AS) tidak sedang menuju resesi. Ia bahkan menyatakan pasar mungkin salah menilai inversi yield obligasi AS sebagai indikator resesi. Sebelumnya, inversi terjadi… [+1922 chars]",Mantan Gubernur Federal Reserve Janet Yellen menegaskan Amerika Serikat (AS) tidak sedang menuju resesi,2019-08-16T01:14:11Z,Cnbcindonesia.com,Janet Yellen: Sinyal Resesi Palsu! - CNBC Indonesia,https://www.cnbcindonesia.com/news/20190816080723-4-92391/janet-yellen-sinyal-resesi-palsu,https://awsimages.detik.net.id/visual/2018/02/06/b1b02c3c-e646-4602-918c-568d19521655_169.jpeg?w=650,2019-08-16 11:25:26.051914
Eduardo Simorangkir,business,,Indonesia kembali mencatatkan defisit neraca perdagangan pada Juli 2019 sebesar US$ 60 juta.,2019-08-16T00:54:00Z,Detik.com,"Duh, Impor Migas Masih Jadi Biang Kerok Neraca Dagang Tekor - detikFinance",https://finance.detik.com/berita-ekonomi-bisnis/d-4667738/duh-impor-migas-masih-jadi-biang-kerok-neraca-dagang-tekor,https://awsimages.detik.net.id/api/wm/2017/11/16/0cda4636-b788-4bc5-9714-fd181a1b148b_169.jpg?wid=54&w=650&v=1&t=jpeg,2019-08-16 11:25:26.051914
Houtmand Saragih,business,"Jakarta, CNBC Indonesia - Koreksi harga emas global di pasar spot rupanya hanya terjadi sehari saja. Pada perdagangan Kamis (15/8/19) siang ini harga emas kembali menguat.Setelah cukup lama bergerak di kisaran US$ 1.500, kemarin siang emas akhirnya melesat di… [+4596 chars]",Koreksi harga emas global di pasar spot rupanya hanya terjadi sehari saja,2019-08-16T00:48:51Z,Cnbcindonesia.com,"Resesi AS Jadi Ancaman, Harga Emas Masih Kuat Naik - CNBC Indonesia",https://www.cnbcindonesia.com/market/20190816074127-17-92388/resesi-as-jadi-ancaman-harga-emas-masih-kuat-naik,https://awsimages.detik.net.id/visual/2019/07/25/8ebb07db-dd5b-4738-933a-66abbdbd3762_169.jpeg?w=650,2019-08-16 11:25:26.051914
Achmad Dwi Afriyadi,business,,Insentif tersebut bakal menekan harga jual kendaraan listrik. Seberapa besar?,2019-08-16T00:15:00Z,Detik.com,"Nggak Mahal, Harga Mobil Listrik Cuma Beda 15% dari Konvensional - detikFinance",https://finance.detik.com/industri/d-4667704/nggak-mahal-harga-mobil-listrik-cuma-beda-15-dari-konvensional,https://awsimages.detik.net.id/api/wm/2019/07/19/4c994305-1394-4d06-a53d-da7d9776e3fc_169.jpeg?wid=54&w=650&v=1&t=jpeg,2019-08-16 11:25:26.051914
Rehia Sebayang,business,"Jakarta, CNBC Indonesia - Ancaman resesi kian meningkat di seluruh dunia. Di kuartal kedua ini, melalui badan statistiknya sejumlah negara mencatatkan pertumbuhan nol persen bahkan negatif. Dana Moneter Internasional (IMF) pun telah memangkas perkiraan pertum… [+5338 chars]",Ancaman resesi kian meningkat di seluruh dunia,2019-08-16T00:10:34Z,Cnbcindonesia.com,News Gawat 5 Negara Besar Berisiko Terkena Resesi 16 August 2019 07:10 WIB - CNBC Indonesia,https://www.cnbcindonesia.com/news/20190816070237-4-92385/gawat-5-negara-besar-berisiko-terkena-resesi,https://awsimages.detik.net.id/visual/2019/08/06/eee8a4df-e840-4b28-9181-9a590e075953_169.png?w=650,2019-08-16 11:25:26.051914
Sri Juliati,business,,KFC menggelar promo untuk menyambut Kemerdekaan RI. Sembilan potong ayam dihargai Rp 74 ribuan.,2019-08-15T23:58:39Z,Tribunnews.com,"Sambut Kemerdekaan RI, KFC Beri Promo 9 Ayam Seharga Rp 74 Ribu, Hanya Berlaku Hari Ini! - Tribunnews",https://www.tribunnews.com/bisnis/2019/08/16/sambut-kemerdekaan-ri-kfc-beri-promo-9-ayam-seharga-rp-74-ribu-hanya-berlaku-hari-ini,https://cdn2.tstatic.net/tribunnews/foto/bank/images/hari-terakhir-promo-kfc-harga-spesial.jpg,2019-08-16 11:25:26.051914
CNBC Indonesia TV,business,,Bank BRI akan menerbitkan surat utang sekitar Rp 5 triliun pada Oktober mendatang.,2019-08-15T19:16:33Z,Cnbcindonesia.com,Siap-siap! BRI Bakal Rilis Obligasi Rp 5 T - CNBC Indonesia,https://www.cnbcindonesia.com/market/20190815154815-19-92260/siap-siap-bri-bakal-rilis-obligasi-rp-5-t,https://awsimages.detik.net.id/visual/2019/08/15/adcf7455-cb28-47a9-87ce-24b0fef6d850_169.png?w=650,2019-08-16 11:25:26.051914
Intan Nirmala Sari,business,"KONTAN.CO.ID - JAKARTA. Badan Pengawas Perdagangan Berjangka Komoditi (Bappebti) mengungkapkan hingga saat ini belum ada penyelenggara perdagangan emas digital yang mendaftar di Bursa Berjangka. Padahal, aturan tersebut sudah diterbitkan sejak Februari 2019. … [+1749 chars]",Bappebti mengungkapkan hingga saat ini belum ada penyelenggara perdagangan emas digital yang mendaftar.,2019-08-15T14:39:31Z,Kontan.co.id,"Jualan emas online, Tokopedia dan Bukalapak perlu daftar ke Bappebti - Kontan",https://investasi.kontan.co.id/news/jualan-emas-online-tokopedia-dan-bukalapak-perlu-daftar-ke-bappebti,https://photo.kontan.co.id/photo/2018/05/04/483256985p.jpg,2019-08-16 11:25:26.051914
Akhmad Suryahadi,business,"KONTAN.CO.ID - JAKARTA. Pada Mei 2019, PT Medco Energi Internasional Tbk (MEDC) resmi mengakuisisi Ophir Energy Plc, sebuah perusahaan energi yang berbasis di Inggris. 
Akuisisi Ophir diklaim dapat menambah nilai melalui peningkatan skala, kontrol, dan kompe… [+2110 chars]","Akuisisi Ophir diklaim dapat menambah nilai melalui peningkatan skala, kontrol, dan kompetensi organisasi Medco Energi.",2019-08-15T14:31:31Z,Kontan.co.id,Ini langkah Medco Energi (MEDC) setelah akuisisi Ophir Energy - Kontan,https://investasi.kontan.co.id/news/ini-langkah-medco-energi-medc-setelah-akuisisi-ophir-energy,https://photo.kontan.co.id/photo/2016/12/09/1457531011p.jpg,2019-08-16 11:25:26.051914
Martha Ruth Thertina,business,"Pemeringkat Efek Indonesia (Pefindo) menurunkan peringkat utang PT Agung Podomoro Land Tbk menjadi idBBB dengan outlookcredit watch. Ini seiring risiko gagal bayar utang di tengah saldo kas perusahaan yang tidak mencukupi.
Mengutip laporan keuangan Agung Pod… [+2158 chars]","Kewajiban jangka pendek Agung Podomoro Land capai Rp 6,2 triliun, sedangkan kas dan setara kas hanya Rp 666 miliar.",2019-08-15T13:43:50Z,Katadata.co.id,Agung Podomoro Diburu Waktu Lunasi Tumpukan Utang - Katadata News,https://katadata.co.id/berita/2019/08/15/agung-podomoro-diburu-waktu-lunasi-tumpukan-utang,https://cdn1.katadata.co.id/media/oldmedia/thumb/field/image/620_413_Rupiah_Katadata_Arief4.jpg,2019-08-16 11:25:26.051914
Pool,business,"Foto Oto
Jakarta - Mitsubishi New Triton telah diperkenalkan Juli lalu. Yuk lihat aksi Pikap 4x4 di sirkuit off-road Pagedangan, BSD. 
Tak Perlu Khawatir Habis Baterai, SPLU Bakal Ada di Sini
Pemerintah telah memerintahkan agar badan usaha membangun tempat… [+2075 chars]","Mitsubishi New Triton telah diperkenalkan Juli lalu. Yuk lihat aksi Pikap 4x4 di sirkuit off-road Pagedangan, BSD.",2019-08-15T13:42:48Z,Detik.com,Menjajal Mitsubishi Triton di Habitat Aslinya - Detikcom,https://oto.detik.com/oto-galeri/d-4667471/menjajal-mitsubishi-triton-di-habitat-aslinya,https://awsimages.detik.net.id/api/wm/2019/08/15/9e55f0af-9fb9-4e8d-a5ef-65f56bde89f6_169.jpeg?wid=54&w=650&v=1&t=jpeg,2019-08-16 11:25:26.051914
Edward Ricardo,business,,Gopay masih menjadi dompet digital paling banyak digunakan di Indonesia.,2019-08-15T13:08:00Z,Cnbcindonesia.com,"Tech Deretan Dompet Digital Terpopuler di RI, Jawaranya? 15 August 2019 20:08 WIB - CNBC Indonesia",https://www.cnbcindonesia.com/tech/20190815200108-40-92374/deretan-dompet-digital-terpopuler-di-ri-jawaranya,https://awsimages.detik.net.id/visual/2019/08/15/f70a28f8-46bd-4864-906d-3c945142ca0d_169.jpeg?w=650,2019-08-16 11:25:26.051914
Ayo Media Network,business,"Ilustrasi penumpang naik kereta api. (istimewa)
AYO BACA : PT KAI Gratiskan KA Galunggung Rute Kiaracondong-TasikmalayaAYO BACA : KAI Siapkan Mudik Gratis, Cek Jadwalnya
LENGKONG, AYOBANDUNG.COM--Dalam rangka memperingati Hari Ulang Tahun ke-74 Republik Ind… [+3071 chars]","Dalam rangka memperingati Hari Ulang Tahun ke-74 Republik Indonesia sekaligus sosialisasi gerakan menggunakan transportasi massal kereta api, PT Kereta Api Indonesia (Persero) memberlakukan tiket dengan …",2019-08-15T12:47:20Z,Ayobandung.com,"HUT Ke-74 RI, KAI Gratiskan Tiket KA Lokal dan Perintis - ayobandung.com",https://www.ayobandung.com/read/2019/08/15/60749/hut-ke-74-ri-kai-gratiskan-tiket-ka-lokal-dan-perintis,https://www.ayobandung.com/images-bandung/post/articles/2019/08/15/60749/kereta_api_galunggung_(1).jpg,2019-08-16 11:25:26.051914
Achmad Dwi Afriyadi,business,"Jakarta - Aturan mengenai kendaraan listrik sudah terbit. Dengan begitu, kendaraan listrik siap mengaspal di jalanan.Namun begitu, Menteri Perindustrian Airlangga Hartarto mengatakan, motor listrik akan siap mengaspal lebih dahulu. Tak secara rinci, dia menut… [+1103 chars]","Menteri Perindustrian Airlangga Hartarto mengatakan, motor listrik akan siap mengaspal lebih dahulu.",2019-08-15T12:45:55Z,Detik.com,Motor Listrik Mengaspal Perdana di Jakarta dan Bali - detikFinance,https://finance.detik.com/energi/d-4667403/motor-listrik-mengaspal-perdana-di-jakarta-dan-bali,https://awsimages.detik.net.id/api/wm/2018/12/14/c690e3fc-8d21-460f-aac8-c35c5736d989_169.jpeg?wid=54&w=650&v=1&t=jpeg,2019-08-16 11:25:26.051914
Rizki Pratama,business,Jakarta - Skuter matic (skutik) Yamaha Nmax merupakan salah satu motor yang tengah diganderungi masyarakat. Kepopuleran Nmax juga memancing munculnya jok-jok variasi di pasaran. Dan harganya pun kadang jadi naik gila-gilaan. Hal ini diakui oleh Manager Digita… [+1653 chars],Kepopuleran Nmax memancing munculnya jok-jok variasi di pasaran berharga gila-gilaan.,2019-08-15T12:22:03Z,Detik.com,Sultan! Jok Kustom Yamaha Nmax Bisa Rp 8 Juta dan Ada yang Beli - Detikcom,https://oto.detik.com/motor/d-4667345/sultan-jok-kustom-yamaha-nmax-bisa-rp-8-juta-dan-ada-yang-beli,https://awsimages.detik.net.id/api/wm/2019/08/15/8a69d00b-09a2-42b6-a0a0-5c1cddd82a88_169.jpeg?wid=54&w=650&v=1&t=jpeg,2019-08-16 11:25:26.051914
,business,"Jakarta, CNN Indonesia -- Harga emas diprediksi bisa menembus Rp800 ribu per gram hingga akhir tahun. Sebab, pelemahan makroekonomi global diprediksi masih berlanjut sehingga masyarakat mencari alternatif investasiyang lebih aman.CEO PT Tamasia Global Sharia … [+3461 chars]",Harga emas diramal bisa menembus Rp800 ribu per gram di akhir tahun. Pelemahan ekonomi global yang diperkirakan masih berlanjut mendongkrak permintaan emas.,2019-08-15T11:49:18Z,Cnnindonesia.com,"Ekonomi Suram, Emas Diramal Tembus Rp800 Ribu per Gram - CNN Indonesia",https://www.cnnindonesia.com/ekonomi/20190815180432-92-421709/ekonomi-suram-emas-diramal-tembus-rp800-ribu-per-gram,https://awsimages.detik.net.id/visual/2017/10/30/d7de9640-9137-4c5d-b59d-ff14cbd07534_169.jpg?w=650,2019-08-16 11:25:26.051914
Erlangga Djumena,business,"JAKARTA, KOMPAS.com - Run way 3 di Bandara Internasional Soekarno-Hatta akhirnya didarati oleh pesawat komersial pada hari ini, Kamis (15/8/2019). Maskapai Nam Air menjadi pesawat yang pertama mendarat di runway tersebut.
Penerbangan pesawat dengan registras… [+1675 chars]",Proyek runway 3 juga mendapat perhatian khusus dari Presiden Joko Widodo.,2019-08-15T11:09:00Z,Kompas.com,Runway 3 Bandara Soekarno-Hatta Akhirnya Didarati Penerbangan Komersial - Kompas.com - KOMPAS.com,https://money.kompas.com/read/2019/08/15/180900026/runway-3-bandara-soekarno-hatta-akhirnya-didarati-penerbangan-komersial,"https://asset.kompas.com/crop/32x249:742x722/780x390/filters:watermark(data/photo/2019/08/13/5d528b8fbf859.png,0,-0,1)/data/photo/2019/06/21/3705198705.jpg",2019-08-16 11:25:26.051914
Fred Mahatma TIS,health,"Pasien penderita stroke pada usia muda lebih sering terjadi pada laki-laki dibandingkan pada perempuan. Apa Alasannya?
STROKE di usia muda, kok bisa? Itu yang kerap kali kita dengar ketika ada kerabat atau kenalan yang terserang penyakit stroke padahal usian… [+1459 chars]","Hasil survey Pusat Pengendalian dan Pencegahan Penyakit AS (CDC) menyebutkan, tingkat stroke di kalangan anak muda meningkat tajam. Apa pemicunya?",2019-08-16T01:50:52Z,Tribunnews.com,"Ini 7 Pemicu Stroke di Usia Muda, Waspada bagi Usia Produktif, Laki-laki Lebih Sering Diserang - Warta Kota",https://wartakota.tribunnews.com/2019/08/16/ini-7-pemicu-stroke-di-usia-muda-waspada-bagi-usia-produktif-laki-laki-lebih-sering-diserang,https://cdn2.tstatic.net/wartakota/foto/bank/images/ilustrasi-stroke_002.jpg,2019-08-16 11:25:26.051914
Sarah Oktaviani Alam,health,"Jakarta - Belakangan, Indonesia digemparkan oleh 'penemuan' obat dari akar bajakah yang dipercaya untuk kanker payudara. Siswa SMAN 2 Palangkaraya yang melakukan riset soal itu digadang-gadang sebagai generasi muda harapan bangsa.Wakil Ketua Indonesian Medica… [+1295 chars]",FKUI membuka diri untuk menampung berbagai penelitian dan inovasi di bidang kesehatan. Termasuk riset-riset dari pelajar SMA maupun mahasiswa.,2019-08-16T00:35:04Z,Detik.com,Punya Riset Seperti Akar Bajakah? FKUI Siap Dampingi Pengembangannya - detikHealth,https://health.detik.com/berita-detikhealth/d-4667728/punya-riset-seperti-akar-bajakah-fkui-siap-dampingi-pengembangannya,https://awsimages.detik.net.id/api/wm/2017/09/15/8a76e876-2785-4bc9-917a-e04ff9ed8106_169.jpg?wid=54&w=650&v=1&t=jpeg,2019-08-16 11:25:26.051914
Ade Indra Kusuma,health,"Suara.com - Ilmuwan Temukan Obat yang Ampuh Sembuhkan TBC dalam 6 Bulan
Para pejabat dinas kesehatan Amerika menyetujui obat TBC terbaru bernama Pretomanid yang dikembangkan oleh organisasi nirlaba TB Alliance.
Obat yang ditemukan para ilmuwan ini diakui di… [+1030 chars]",Pretomanid bisa menyembuhkan 90 persen penderita TBC yang resisten terhadap pengobatan yang ada.,2019-08-16T00:30:00Z,Suara.com,Ilmuwan Temukan Obat yang Ampuh Sembuhkan TBC dalam Waktu 6 Bulan - Suara.com,https://www.suara.com/health/2019/08/16/073000/ilmuwan-temukan-obat-yang-ampuh-sembuhkan-tbc-dalam-waktu-6-bulan,https://media.suara.com/pictures/653x366/2018/12/06/30341-batuk.jpg,2019-08-16 11:25:26.051914
,health,"Jakarta, CNN Indonesia -- Dermatitis atopik (DA) dikenal sebagai penyakit yang kerap menyerang usia muda, bahkan anak-anak. Namun, siapa sangka jika lansia juga berisiko terkena penyakit kulit kronis ini? Ahli kesehatan kulit dan kelamin, Anthony Handoko meng… [+1757 chars]",Siapa bilang dermatitis atopik hanya menyerang usia muda dan anak? Lansia juga rentan terkena penyakit kulit kronis satu ini.,2019-08-16T00:10:00Z,Cnnindonesia.com,Lansia Juga Bisa Terkena Dermatitis Atopik - CNN Indonesia,https://www.cnnindonesia.com/gaya-hidup/20190815135917-255-421606/lansia-juga-bisa-terkena-dermatitis-atopik,https://awsimages.detik.net.id/visual/2015/10/18/3033529f-6f70-40bb-aafd-8bbbf235bce0_169.jpg?w=650,2019-08-16 11:25:26.051914
Femina Indonesia,health,"Foto: Unsplash.com
Jakarta tercatat sebagai kota dengan polusi udara terburuk di dunia. Musim kemarau berkepanjangan, peningkatan emisi gas buang industri, kendaraan bermotor, dan pembangkit listrik ditengarai menjadi penyebab utamanya.
Polusi udara dan kab… [+2787 chars]",Menjaga tubuh tetap sehat di kota dengan tingkat polusi udara yang tinggi.,2019-08-15T16:03:14Z,Femina.co.id,"Tingkat Polusi Semakin Tinggi, Ini 5 Cara Menyiasatinya Agar Tak Berdampak Pada Kesehatan - Femina",https://www.femina.co.id/health-diet/tingkat-polusi-semakin-tinggi-ini-5-cara-menyiasatinya-agar-tak-berdampak-pada-kesehatan,https://www.femina.co.id/images/images_article/4124602e87af008c900efbe29d1476d1.jpg,2019-08-16 11:25:26.051914
JawaPos.com,health,"JawaPos.com Lima belas perwakilan Kecamatan dan Puskesmas Asemrowo menyambangi SMPN 42, Asemrowo, kemarin (14/8). Mereka membawa perlengkapan memantau jentik (mantik). Yakni, senter dan obat pelarut abate. Sebab, selama satu semester ini ada 14 remaja yang te… [+1631 chars]","Lima belas perwakilan Kecamatan dan Puskesmas Asemrowo menyambangi SMPN 42, Asemrowo, kemarin (14/8). Mereka membawa perlengkapan memantau jentik (mantik).",2019-08-15T13:29:14Z,Jawapos.com,"Enam Bulan, 14 Pelajar di Surabaya Terkena DBD - Jawa Pos",https://www.jawapos.com/surabaya/15/08/2019/enam-bulan-14-pelajar-di-surabaya-terkena-dbd/,https://cdn-asset.jawapos.com/wp-content/uploads/2019/08/cek-penyebab-demam-berdarah-nufar-640x446.jpg,2019-08-16 11:25:26.051914
Michelle Natasya,health,"Jakarta - Libido atau hasrat seksual pada wanita bisa saja berubah tidak menentu. Di suatu saat bisa naik, di lain waktu bisa turun. Lalu, apa saja faktor yang mempengaruhi naik turunnya libido para wanita?""Psikologis wanita emang beda dalam menyikapi sesuatu… [+1142 chars]",Libido atau hasrat seksual pada wanita bisa saja berubah tidak menentu. Setidaknya ada dua faktor utama yang berpengaruh pada siklus tersebut.,2019-08-15T11:35:37Z,Detik.com,"Perlu Tahu, Ini Penyebab Libido Naik-turun pada Wanita - detikHealth",https://health.detik.com/sexual-health/d-4667269/perlu-tahu-ini-penyebab-libido-naik-turun-pada-wanita,https://awsimages.detik.net.id/api/wm/2018/12/13/3c89f274-0eb8-4567-8b38-c3bd8c5f4a58_169.jpeg?wid=54&w=650&v=1&t=jpeg,2019-08-16 11:25:26.051914
,health,"Lupus merupakan penyakit autoimun kompleks yang terjadi pada lima juta orang di seluruh dunia. Lupus adalah penyakit kronis yang akan terjadi seumur hidup. Lupus adalah salah satu jenis penyakit autoimun, yang terjadi ketika sistem daya tahan tubuh salah meng… [+1993 chars]",Kenali 5 faktor risiko yang bisa menjadi penyebab terjadinya penyakit lupus.,2019-08-15T10:04:11Z,1health.id,5 Faktor Risiko Penyakit Lupus - 1Health,https://www.1health.id/id/article/category/sehat-a-z/5-faktor-risiko-penyakit-lupus-1.html,https://cms.1health.id/assets/uploads/article/thumb/1565863318.jpg,2019-08-16 11:25:26.051914
,health,"Bisnis.com, JAKARTA - Aktivitas dan gaya hidup sehat belum cukup untuk memastikan tubuh tetap sehat dan bugar. Manager Medical Underwriter Sequis dokter Fridolin Seto Pandu mengatakan, polusi dan pencemaran lingkungan tidak bisa dihindari, belum lagi mudahnya… [+2672 chars]","Jika rutin melakukan pemeriksaan MCU secara berkala tentu akan membantu mendiagnosis penyakit yang berpotensi menjadi penyakit serius sehingga akan lebih mudah diobati sebelum terlambat. Selain itu, rutin melakukan MCU akan membuat kita lebih waspada terhadap…",2019-08-15T09:09:00Z,Bisnis.com,Pentingnya Medical Check Up Rutin - Bisnis.com,https://lifestyle.bisnis.com/read/20190815/106/1137000/pentingnya-medical-check-up-rutin,https://cdn-image.bisnis.com/thumb/posts/2019/08/15/1137000/dokter.jpg?w=600&h=315,2019-08-16 11:25:26.051914
Rizky Wahyu Permana,health,"Merdeka.com - Selama ini negera melalui Kementerian Kesehatan telah memiliki program imunisasi rutin lengkap yang terdiri dari imunisasi dasar dan lanjutan. Namun sejumlah anak tetap mendapatkan imunisasi lain di lain yang diwajibkan pemerintah.
Jika seorang… [+2214 chars]","""Boleh saja, imunisasi itu (yang diwajibkan pemerintah) yang paling penting untuk melindungi anak dari penyakit infeksi,"" kata dokter spesialis anak konsultan tumbuh kembang, Hartono Gundardi menjawab pertanyaan warganet dalam Instagram Live Ikatan Dokter Ana…",2019-08-15T09:00:00Z,Merdeka.com,Amankah Jika Seorang Anak Hanya Mendapat Imunisasi yang Diwajibkan Pemerintah? | merdeka.com - merdeka.com,https://m.merdeka.com/sehat/amankah-jika-seorang-anak-hanya-mendapat-imunisasi-yang-diwajibkan-pemerintah.html,https://cdns.klimg.com/merdeka.com/i/w/news/2019/08/12/1100517/540x270/amankah-jika-seorang-anak-hanya-mendapat-imunisasi-yang-diwajibkan-pemerintah.jpg,2019-08-16 11:25:26.051914
,health,"Bisnis.com, JAKARTA - Epilepsi adalah gangguan sistem persarafan. Sekitar 1 persen populasi di seluruh dunia diduga mengidap Epilepsi. Epilepsi memiliki pelbagai faktor risiko.
Menurut Engel (2013), beberapa faktor risiko epilepsi misalnya: stroke, kanker, c… [+4042 chars]",Epilepsi adalah gangguan sistem persarafan. Sekitar 1 persen populasi di seluruh dunia diduga mengidap Epilepsi. Epilepsi memiliki pelbagai faktor risiko.,2019-08-15T06:49:00Z,Bisnis.com,Tangani Epilepsi dengan Sel Punca dan Terapi Gen - Bisnis.com,https://lifestyle.bisnis.com/read/20190815/106/1136804/tangani-epilepsi-dengan-sel-punca-dan-terapi-gen,https://cdn-image.bisnis.com/thumb/posts/2019/08/15/1136804/otak.jpeg?w=600&h=315,2019-08-16 11:25:26.051914
"Lutfi Dwi Puji Astuti, Bimo Aria",health,VIVA  Minuman dengan gula tambahan telah diketahui membawa dampak buruk bagi kesehatan. Hal itu semakin diperparah jika minuman tesebut juga mengandung soda. Minuman bersoda memiliki kandungan energi yang sangat tinggi. Dalam sekaleng soda berukuran 375 milil… [+4574 chars],"Berita 5 Bahaya Minuman Bersoda, Picu Kanker hingga Lemak di Hati terbaru hari ini 2019-08-15 12:59:14 dari sumber yang terpercaya",2019-08-15T05:59:00Z,Viva.co.id,"5 Bahaya Minuman Bersoda, Picu Kanker hingga Lemak di Hati - VIVA - VIVA.co.id",https://www.viva.co.id/gaya-hidup/kesehatan-intim/1175050-5-bahaya-minuman-bersoda-picu-kanker-hingga-lemak-di-hati?medium=home&link=terbaru,https://thumb.viva.co.id/media/frontend/thumbs3/2017/10/24/59ee851252fd9-ilustrasi-minuman-cola-atau-minuman-bersoda_665_374.jpg,2019-08-16 11:25:26.051914
pikiran rakyat digital,health,"SERANG, (PR).- Panitia Khusus (Pansus) DPRD Kabupaten Serang telah menyelesaikan pembahasan rancangan peraturan daerah (raperda) tentang penanggulangan HIV-Aids. Hal itu diungkapkan dalam rapat paripurna DPRD Kabupaten Serang di gedung paripurna DPRD Kabupate… [+2954 chars]","Data Dinkes Kabupaten Serang pada tahun 2018, terjadi kasus HIV-Aids sebanyak 1.533 kasus. Dari hasil pemeriksaan, sebanyak 632 orang positif HIV dan 244 orang positif Aids.",2019-08-15T05:28:00Z,Pikiran-rakyat.com,Perda Penanggulangan HIV-Aids di Kabupaten Serang untuk Hentikan Penularan - Pikiran Rakyat,https://www.pikiran-rakyat.com/nasional/2019/08/15/perda-penanggulangan-hiv-aids-di-kabupaten-serang-untuk-hentikan-penularan,https://static.pikiran-rakyat.com/public/medium/public/2019/01/5rY676nCoyBtbmdXC79tCSz4IC9bT4tPD3aBv3Dv.jpeg,2019-08-16 11:25:26.051914
,health,"Batuk kering merupakan salah satu masalah kesehatan umum yang dialami oleh banyak orang. Batuk kering merupakan salah satu jenis batuk yang tidak mengeluarkan lendir atau dahak. Batuk kering biasanya terjadi akibat udara sekitar yang kering, kebiasaan merokok… [+2311 chars]","Batuk kering yang datang bisa sangat mengganggu, coba redakan dengan cara ini.",2019-08-15T05:23:03Z,1health.id,5 Cara Mudah Redakan Batuk Kering - 1Health,https://www.1health.id/id/article/category/sehat-a-z/5-cara-mudah-redakan-batuk-kering.html,https://cms.1health.id/assets/uploads/article/thumb/1565846553.jpg,2019-08-16 11:25:26.051914
Vania Rossa,health,"Suara.com - Menjaga kebersihan organ kewanitaan adalah hal yang wajib dilakukan, mengingat area tersebut cenderung lembab sehingga rentan disusupi bakteri jika tak telaten dibersihkan.
Dokter Spesialis Kebidanan dan Kandungan RS Pondok Indah-Puri Indah, dr. … [+1581 chars]","Lalu, seperti apa cara membersihkan vagina yang benar?",2019-08-15T03:37:00Z,Suara.com,Cara Membersihkan Vagina yang Keliru Bisa Picu Perempuan Susah Hamil - Suara.com,https://www.suara.com/health/2019/08/15/103748/cara-membersihkan-vagina-yang-keliru-bisa-picu-perempuan-susah-hamil,https://media.suara.com/pictures/653x366/2015/10/22/o_1a27a3k9714p21dec10h132a1m9ca.jpg,2019-08-16 11:25:26.051914
Liputan6.com,health,"Liputan6.com, Jakarta Vitamin A memiliki manfaat untuk kekebalan tubuh, tulang, penglihatan, dan kesehatan reproduksi. Selain itu, berdasarkan penelitian asupan vitamin A dari makanan tercukupi dapat mengurangi risiko terkena kanker kulit. 
Dalam ulasan Nurs… [+1274 chars]",Cukup vitamin A dalam tubuh menurunkan risiko terkena kanker kulit.,2019-08-15T02:00:00Z,Liputan6.com,Cukup Asupan Vitamin A Turunkan Risiko Kena Kanker Kulit - Liputan6.com,https://www.liputan6.com/health/read/4034061/cukup-asupan-vitamin-a-turunkan-risiko-kena-kanker-kulit,https://cdn1-production-images-kly.akamaized.net/RvTjgCEoC4k-RVqJQHEarj1eBDY=/673x379/smart/filters:quality(75):strip_icc():format(jpeg)/kly-media-production/medias/2791349/original/050154600_1556525352-iStock-896090336.jpg,2019-08-16 11:25:26.051914
Rusmanto,health,"Winnetnews.com -  Sakit kepala tidak hanya terjadi karena kurang tidur. Hipertensi, alias tekanan darah tinggi juga bisa membuat Anda sakit kepala. Saat kepala berdenyut dan nyeri, cobalah untuk beristirahat sejenak dari segala aktivitas. Agar cepat pulih, li… [+807 chars]","Sakit kepala tidak hanya terjadi karena kurang tidur. Hipertensi, alias tekanan darah tinggi juga bisa membuat Anda sakit kepala. Saat kepala ber...",2019-08-15T00:45:00Z,Winnetnews.com,Cara Meredakan Sakit Kepala Karena Darah Tinggi - WinNetNews,https://www.winnetnews.com/post/cara-meredakan-sakit-kepala-karena-darah-tinggi,https://asset.winnetnews.com/image/cache/slide/post/image-cara-meredakan-sakit-kepala-karena-darah-tinggi.jpg,2019-08-16 11:25:26.051914
Anisa Widiarini,health,"VIVA  Sakit Jantung jadi salah satu penyakit tidak menular yang angka penderitanya cukup tinggi di Indonesia. Penyakit jantung dahulu dianggap hanya dialami oleh orang lanjut usia saja. Padahal, kini tak sedikit anak muda yang kena serangan jantung.
Tak hany… [+2533 chars]",Berita 4 Daftar Makanan dan Minuman yang Picu Milenial Sakit Jantung terbaru hari ini 2019-08-15 07:18:44 dari sumber yang terpercaya,2019-08-15T00:18:44Z,Viva.co.id,4 Daftar Makanan dan Minuman yang Picu Milenial Sakit Jantung - VIVA - VIVA.co.id,https://www.viva.co.id/gaya-hidup/kesehatan-intim/1175008-4-daftar-makanan-dan-minuman-yang-picu-milenial-sakit-jantung,https://thumb.viva.co.id/media/frontend/thumbs3/2019/03/20/5c9206263df11-ilustrasi-serangan-jantung_665_374.jpg,2019-08-16 11:25:26.051914
Agestia Jatilarasati,health,"TABLOIDBINTANG.COM - Kulit kering seringkali disamakan dengan kulit dehidrasi karena secara garis besar mempunyai gejala hampir sama, yakni kulit terasa kering dan tidak elastis. Padahal kulit kering berbeda dengan kulit dehidrasi. Penanganannya pun bisa berb… [+3410 chars]","Kulit kering seringkali disamakan dengan kulit dehidrasi karena secara garis besar mempunyai gejala hampir sama, yakni kulit terasa kering dan tidak elastis.",2019-08-14T20:00:23Z,Tabloidbintang.com,Perbedaan Gejala Kulit Dehidrasi dan Kulit Kering Serta Cara Mengatasinya - Tabloidbintang.com,https://aura.tabloidbintang.com/articles/kecantikan/134971-perbedaan-gejala-kulit-dehidrasi-dan-kulit-kering-serta-cara-mengatasinya,https://media.tabloidbintang.com/files/thumb/b15b5ba1a70e2537bdbfa636fdda6ad9.jpg/800,2019-08-16 11:25:26.051914
Christiyaningsih,health,"Peningkatan kemakmuran dan kurangnya aktivitas fisik bisa sebabkan diabetes melitus
REPUBLIKA.CO.ID, PADANG -- Hasil penelitian Guru Besar Universitas Andalas (Unand) Ilmu Biokimia, Eti Yerizel, menemukan korelasi antara peningkatan kemakmuran dan kurangnya … [+1797 chars]",Peningkatan kemakmuran dan kurangnya aktivitas fisik bisa sebabkan diabetes melitus,2019-08-14T18:00:00Z,Republika.co.id,Kurang Aktivitas Tingkatkan Kasus Diabetes Melitus - Republika Online,https://gayahidup.republika.co.id/berita/pw83ri459/kurang-aktivitas-tingkatkan-kasus-diabetes-melitus,https://static.republika.co.id/uploads/images/inpicture_slide/pria-melakukan-pengetesan-kadar-gula-darah-atau-diabetes-_180711134256-972.jpg,2019-08-16 11:25:26.051914
INDOMEDIA Group,technology,"PULSA Jum'at, 16 Agustus 2019 • 09:12
showroom produk Apple (ilustrasi)Apple menggunakan pendekatan baru dan agak kontroversial dalam hal perbaikan baterai iPhone pihak ketiga. Jadi, jika perangkat mendeteksi bahwa iPhone diperbaiki dari pusat layanan pihak … [+1232 chars]",kebijakan apple terhadap penggantian baterai iPhone diprotes - www.tabloidpulsa.co.id,2019-08-16T02:12:00Z,Tabloidpulsa.co.id,"Apple ""Keukeh"" Membatasi Pelanggan Mengganti Baterai iPh - Tabloid Pulsa",https://www.tabloidpulsa.co.id/news/38982-kebijakan-apple-terhadap-penggantian-baterai-iphone-diprotes,https://www.tabloidpulsa.co.id/images/data/2019/agustus/iPhone-X-margo-city.jpg,2019-08-16 11:25:26.051914
Yossie Dwi Prananto,technology,"Harus diakui bahwa saat ini masih cukup banyak smartphone black market (BM) Xiaomi yang beredar di pasaran Indonesia. Tidak hanya dijual melalui toko online, toko-toko offline pun masih sering menyediakan produk yang tentunya berstatus tidak resmi tersebut.
… [+2608 chars]",Cara Mengenali Produk Resmi Xiaomi Indonesia - Harus diakui bahwa saat ini masih cukup banyak smartphone black market (BM) Xiaomi yang beredar di pasaran Ind,2019-08-16T01:11:21Z,Uzone.id,Cara Mengenali Produk Resmi Xiaomi Indonesia - Uzone,https://uzone.id/tips-mengenali-ponsel-xiaomi-kamu-bm-atau-resmi,http://cdn3.uzone.id/assets/uploads/feeding/redmi-7a.jpg,2019-08-16 11:25:26.051914
Intan Rakhmayanti,technology,"Intan RakhmayantiJum'at, 16 Agustus 2019 - 07:23 WIBAplikasi WhatsApp di Android meluncurkan fitur baru yang berfungsi untuk melindungi privasi pengguna. Yaitu fitur Fingerprint Lock. Foto/Istimewa
JAKARTA - Aplikasi WhatsApp di Android meluncurkan fitur bar… [+1343 chars]",Aplikasi WhatsApp di Android meluncurkan fitur baru yang berfungsi untuk melindungi privasi pengguna. Yaitu fitur Fingerprint...,2019-08-16T00:23:00Z,Sindonews.com,"Fitur Sidik Jari Pada WhatsApp Android, Begini Cara Aktifkan - SINDOnews.com",https://jatim.sindonews.com/read/13624/3/fitur-sidik-jari-pada-whatsapp-android-begini-cara-aktifkan-1565914120,https://cdn.sindonews.net/dyn/620/jatim/news/2019/08/16/3/13624/fitur-sidik-jari-pada-whatsapp-android-begini-cara-aktifkan-zav.jpg,2019-08-16 11:25:26.051914
Adi Fida Rahman,technology,"Jakarta - Advan baru saja merilis G2 Pro. Ponsel ini digadang sebagai pesaing dari Redmi 7A dan Realme C2.Secara spek memang ketiga ponsel ini tidak jauh berbeda, demikian pula harganya. Advan G2 Pro sendiri mengunggulkan sektor RAM dan ruang penyimpanan inte… [+1292 chars]",Advan baru saja merilis G2 Pro sebagai pesaing dari Redmi 7A dan Realme C2. Berikut perbandingan spesifikasi ketiga ponsel tersebut.,2019-08-16T00:20:00Z,Detik.com,"Perbandingan Ponsel Rp 1 Jutaan Advan G2 Pro, Redmi 7A & Realme C2 - detikInet",https://inet.detik.com/consumer/d-4667707/perbandingan-ponsel-rp-1-jutaan-advan-g2-pro-redmi-7a--realme-c2,https://awsimages.detik.net.id/api/wm/2019/08/15/c28ab209-0567-4222-8c42-87921fcab586_169.jpeg?wid=54&w=650&v=1&t=jpeg,2019-08-16 11:25:26.051914
,technology,"Jakarta, CNN Indonesia -- Perusahaan alat komunikasi asal China, Xiaomi dikabarkan akan menyematkan tiga kamera pada ponsellipat tiga yang disiapkan perusahaan.Dilansir GSMArena, Xiaomi menunjukkan bagaimana ponsel lipat mereka dibagi menjadi tiga segmen, yak… [+1688 chars]",Xiaomi dikabarkan akan menyematkan tiga kamera pada ponsel lipat tiga mereka.,2019-08-16T00:05:37Z,Cnnindonesia.com,Xiaomi Disebut Bikin Ponsel Lipat dengan Tiga Kamera Teknologi • 10 menit yang lalu - CNN Indonesia,https://www.cnnindonesia.com/teknologi/20190815190226-185-421725/xiaomi-disebut-bikin-ponsel-lipat-dengan-tiga-kamera,https://awsimages.detik.net.id/visual/2019/02/28/fc485286-9c9d-4e0c-bf2d-8258d431bb77.jpeg?w=650,2019-08-16 11:25:26.051914
Moh Khory Alfarizi,technology,,Raksasa teknologi Google dan Microsoft terus bertarung di pasar laptop.,2019-08-15T23:55:00Z,Tempo.co,"Adu Laptop Google Vs Microsoft, Mana Lebih Baik? - Tempo",https://tekno.tempo.co/read/1236306/adu-laptop-google-vs-microsoft-mana-lebih-baik?TeknoUtama&campaign=TeknoUtama_Click_6,https://statik.tempo.co/data/2019/08/15/id_864243/864243_720.jpg,2019-08-16 11:25:26.051914
Budi Susilo,technology,"TRIBUNKALTIM.CO, JAKARTA - Seperti biasanya, smartphone Samsung akan keluarkan produk terbaru. 
Nah, ponselSamsung seringkali rajin keluarkan produk smartphone yang mengundang decak kagum.
Satu di antaranya, keluarkan produk ponselSamsung bernama Samsung Ga… [+682 chars]","Ini Samsung Galaxy A10s Resmi Diumumkan, Punya Baterai Hingga 4.000mAh, pengambilan gambar, Samsung Galaxy A10s dilengkapi dengan dua kamera.",2019-08-15T22:24:03Z,Tribunnews.com,"Ponsel Samsung Galaxy A10s Gendong Dua Kamera Belakang dan Octa Core, Pasaran Harganya Rp 1 Jutaan - Tribun Kaltim",https://kaltim.tribunnews.com/2019/08/16/ponsel-samsung-galaxy-a10s-gendong-dua-kamera-belakang-dan-octa-core-pasaran-harganya-rp-1-jutaan,https://cdn2.tstatic.net/kaltim/foto/bank/images/samsung-galaxy-m40-fix.jpg,2019-08-16 11:25:26.051914
Yosi Winosa(Warta Ekonomi),technology,"Ratusan pekerja dibayar untuk menyalin rekaman suara pengguna Facebook 
Ratusan pekerja dibayar untuk menyalin rekaman suara pengguna Facebook telah muncul. Facebook adalah perusahaan terbaru yang mengkonfirmasi telah menggunakan pekerja pihak ketiga untuk m… [+1995 chars]",Ratusan pekerja dibayar untuk menyalin rekaman suara pengguna Facebook,2019-08-15T19:12:39Z,Republika.co.id,Otoritas Irlandia Pertanyakan Kebijakan Transkrip Rekaman Facebook Messenger - Republika Online,https://republika.co.id/berita/pwa6ud17000/otoritas-irlandia-pertanyakan-kebijakan-transkrip-rekaman-facebook-messenger,https://static.republika.co.id/uploads/images/inpicture_slide/0.59544300-1565877541-facebook_193722_big.jpg.jpeg,2019-08-16 11:25:26.051914
Tanayastri Dini Isna(Warta Ekonomi),technology,"Ponsel lipat Huawei, Mate X, kembali mengalami penundaan perilisan. 
Ponsel lipat Huawei, Mate X kembali mengalami penundaan perilisan. Dalam konferensi pers di China, perusahaan mengatakan kepada TechRadar, perangkat itu tak mungkin meluncur pada September … [+1343 chars]","Ponsel lipat Huawei, Mate X, kembali mengalami penundaan perilisan.",2019-08-15T18:56:15Z,Republika.co.id,"Rilis 2 Kali Ditunda, Ada Apa dengan Ponsel Lipat Huawei Mate X? - Republika Online",https://republika.co.id/berita/pwaced17000/rilis-2-kali-ditunda-ada-apa-dengan-ponsel-lipat-huawei-mate-x,https://static.republika.co.id/uploads/images/inpicture_slide/0.95661500-1565884741-huawei_technologies_co_ltd_164.jpeg,2019-08-16 11:25:26.051914
Faozan Tri Nugroho,technology,"Bola.com, Jakarta - Gim PUBG Mobile sudah memasuki season 8. Pembaruan terus diberikan Tencent Games untuk memanjakan para penggunannya.
Langkah tersebut membuat pengguna gim PUBG Mobile terus bertambah. Pemain lama mungkin sudah paham apa saja yang harus di… [+1233 chars]",Beberapa hal yang dianggap penting saat bermain PUBG Mobile.,2019-08-15T16:45:57Z,Bola.com,5 Hal yang Perlu Diingat Saat Bermain PUBG Mobile - Bola.com,https://www.bola.com/e-sports/read/4038837/5-hal-yang-perlu-diingat-saat-bermain-pubg-mobile,"https://cdn1-production-images-kly.akamaized.net/y0MfH9iDOdGhyPvPU4XvhFFTm3s=/0x0:0x0/673x379/filters:quality(75):strip_icc():format(jpeg):watermark(kly-media-production/assets/images/watermarks/bola/watermark-gray-landscape.png,553,20,0)/kly-media-production/medias/2014898/original/016947000_1521545040-pubg-mobile-02.jpg",2019-08-16 11:25:26.051914
Lalu Ahmad Hamdani,technology,"Realme akan mengumumkan smartphone terbarunya, Realme 5 ke publik. Rumor menyebutkan ponsel ini akan ditopang Snapdragon 665 yang pertama kali diadopsi handset Xiaomi khusus di Tiongkok.
Lembaga sertifikasi NBTC Thailand kini memberikan sertifikasi untuk Rea… [+1766 chars]",Rumor menyebutkan ponsel Realme 5 akan ditopang Snapdragon 665. Perangkat ini bakal menyaingi perangkat Xiaomi yang juga bakal perdana mengusung Snapdragon 665 sebagai chipset.,2019-08-15T14:49:00Z,Www.tek.id,"Realme 5 saingi Mi A3 dengan chipset serupa, Snapdragon 665 - tek.id",https://www.tek.id/gadget/realme-5-saingi-mi-a3-dengan-chipset-serupa-snapdragon-665-b1XkY9fmu,https://img.tek.id/share/content/2019/08/15/19357/realme-5-saingi-mi-a3-dengan-chipset-serupa-snapdragon-665-rJx53yzb55.png,2019-08-16 11:25:26.051914
,technology,"PULSA Kamis, 15 Agustus 2019 • 21:02
Paket menarik MyRepublic dan PlayStation 4Perkembangan dunia game di Indonesia melesat semakin cepat, terutama sejak eSport menjadi salah satu cabang olahraga yang dipertandingkan pada Asian Games 2018 lalu. Anggapan bahw… [+2319 chars]",MyRepublic dan SONY Indonesia Tawarkan Paket Menarik untuk Para Gamer - www.tabloidpulsa.co.id,2019-08-15T14:02:00Z,Tabloidpulsa.co.id,MyRepublic dan SONY Indonesia Tawarkan Paket Menarik untuk Para Gamer - Tabloid Pulsa,https://www.tabloidpulsa.co.id/news/38978-paket-bundel-myrepublic-dan-playstation,https://www.tabloidpulsa.co.id/images/data/2019/agustus/MyRepublic.jpg,2019-08-16 11:25:26.051914
"Agung DH, Ibnu Azis",technology,"Beli paket data Tri (3) bulanan 13GB, 18GB, dan 23GB kini bisa dicicil empat kali per pekan.tirto.id - Tri (3), salah satu penyedia layanan telekomunikasi seluler di Indonesia, terus berinovasi untuk mengakomodir kebutuhan konsumen. Terkini, mereka meluncurka… [+3080 chars]","Beli paket data Tri (3) bulanan 13GB, 18GB, dan 23GB kini bisa dicicil empat kali per pekan.",2019-08-15T14:00:52Z,Tirto.id,Cara Beli Paket Data Tri (3) Bulanan Pakai Cicilan Mingguan - tirto.id,https://tirto.id/cara-beli-paket-data-tri-3-bulanan-pakai-cicilan-mingguan-egmX,https://mmc.tirto.id/image/otf/1024x535/2019/08/15/tri-luncurkan-produk-cicilanpakaipulsa-03.jpg,2019-08-16 11:25:26.051914
Arini Fazrin,technology,"Jakarta, Selular.ID- Smartfren tengah mengkampanyekan sebuah social movement. Gerakan #Bedabisabersama diwujudkan Smartfren dalam sebuah mural raksasa di pusat perbelanjaan fX.
Mural raksasa yang bertuliskan ‘beda bisa bersama’ merupakan sebuah kolaborasi da… [+1176 chars]","Jakarta, Selular.ID- Smartfren tengah mengkampanyekan sebuah social movement. Gerakan #Bedabisabersama diwujudkan Smartfren dalam sebuah mural raksasa di pusat perbelanjaan fX. Mural raksasa yang bertuliskan 'beda bisa bersama' merupakan sebuah kolaborasi dar…",2019-08-15T12:00:00Z,Selular.id,Mural Jadi Ajang Smartfren Gandeng Milenial - Selular.ID,https://selular.id/2019/08/mural-jadi-ajang-smartfren-gandeng-milenial/,https://selular.id/wp-content/uploads/2019/08/WhatsApp-Image-2019-08-15-at-16.15.26.jpeg,2019-08-16 11:25:26.051914
Agus Tri Haryanto,technology,"California - Kisah Mike Hughes, seorang penganut Bumi datar, yang ingin membuktikan bahwa planet ini tidak bulat dengan roket buatannya sendiri berakhir antiklimaks.Mulanya, pria yang berprofesi sebagai driver limosin tersebut dijadwalkan untuk meluncur pada … [+1591 chars]",Seorang penganut Bumi datar gagal terbang dengan roket buatan sendiri dalam usahanya membuktikan planet ini tidaklah bulat. Semua karena pemanas air.,2019-08-15T11:33:36Z,Detik.com,"Mau Terbang Buktikan Bumi Datar, Eh Gagal karena Pemanas Air - Detikcom",https://inet.detik.com/science/d-4667268/mau-terbang-buktikan-bumi-datar-eh-gagal-karena-pemanas-air,https://awsimages.detik.net.id/api/wm/2019/08/10/d7968fe0-36e6-4603-9f25-7ac30f0d272e_169.jpeg?wid=54&w=650&v=1&t=jpeg,2019-08-16 11:25:26.051914
Yuslianson,technology,"Liputan6.com, Jakarta -Xiaomi baru saja mengajukan paten untuk desain smartphone layar lipat mereka ke European Union Intellectual Property Office (Kantor Kekayaan Intelektual Uni Eropa).
Berdasarkan informasi paten tersebut, desain smartphone layar lipat pe… [+858 chars]",Gambar paten milik Xiaomi tersebut juga memperlihatkan tiga lensa kamera yang disematkan di belakang bodi perangkat.,2019-08-15T11:00:01Z,Liputan6.com,"Xiaomi Ajukan Paten Smartphone Layar Lipat Ganda, Siap Produksi? - Liputan6.com",https://www.liputan6.com/tekno/read/4038520/xiaomi-ajukan-paten-smartphone-layar-lipat-ganda-siap-produksi,https://cdn0-production-images-kly.akamaized.net/rZTOLzwmRCgFXqF64CQBTAwiMPg=/0x124:680x507/673x379/filters:quality(75):strip_icc():format(jpeg)/kly-media-production/medias/2882717/original/054765800_1565853696-xiaomi-02.jpg,2019-08-16 11:25:26.051914
Pernita Hestin Untari,technology,"JAKARTA - Turnamen esport Dota 2 terbesar, The International telah digelar pada hari ini di Shanghai. Ajang esport ini telah digelar sejak 2011. Kali ini turnamen diadakan di arena Mercedez-Benz, Shanghai. Arena tersebut mampu menampung sekira 18.000 penonton… [+942 chars]","Turnamen esport Dota 2 terbesar, The International telah digelar pada hari ini di Shanghai.",2019-08-15T10:54:00Z,Okezone.com,Turnamen Esports Dota 2 'The International' Resmi Digelar - Okezone,https://techno.okezone.com/read/2019/08/15/326/2092362/turnamen-esports-dota-2-the-international-resmi-digelar,https://img.okezone.com/content/2019/08/15/326/2092362/turnamen-esports-dota-2-the-international-resmi-digelar-RMauZYt0OB.jpg,2019-08-16 11:25:26.051914
Chintya Rantung,technology,"TRIBUNMANADO.CO.ID-  Stiker distributor Teletama Artha Mandiri ( TAM) sudah tidak lagi digunakan dalam ponsel Xiaomi.
Stiker TAM sebagai penanda ponsel resmi Xiaaomi di Indonesia.
Kini sudah ada stiker baru, yang menunjukkan ponsel Xiaomi diproduksi seluruh… [+1127 chars]","Bagi Anda yang akan membeli HP Xiaomi yang baru, maka tak usah bingung jika ponsel resmi Xiaomi tanpa stiker TAM.",2019-08-15T09:10:40Z,Tribunnews.com,Berikut 3 Cara Melihat Keaslian HP Xiaomi Dijual di Indonesia - Tribun Manado,https://manado.tribunnews.com/2019/08/15/berikut-3-cara-melihat-keaslian-hp-xiaomi-dijual-di-indonesia,https://cdn2.tstatic.net/manado/foto/bank/images/xiaomi-mi-a3-4576868.jpg,2019-08-16 11:25:26.051914
Baree,technology,,Duel sengit satu saudara di segmen menengah,2019-08-15T08:43:00Z,Idntimes.com,"Hal Tentang Oppo K3 Vs Vivo Z1 Pro, Adu Komplit 2 Ponsel Serba Bisa - IDN Times",https://www.idntimes.com/tech/gadget/baree/5-hal-tentang-oppo-k3-vs-vivo-z1-pro-adu-komplit-2-ponsel-serba-bisa,https://cdn.idntimes.com/content-images/community/2019/08/vivo-z1-vs-k3-48662724e48300299806d1b9c8fb9efd_wm_600x315.jpg,2019-08-16 11:25:26.051914
,technology,"Merdeka.com - Pasca memperkenalkan Samsung Galaxy Note 10 series, vendor smartphone Korea Selatan tersebut kembali untuk mempertajam lini andalan lainnya yakni Galaxy A.
Kini, mereka mengumumkan salah satu varian termurahnya yakni Samsung Galaxy A10s. Ini ad… [+3768 chars]","Samsung Perkenalkan Galaxy A10s, HP Sejutaan Saingan Berat Realme dan Redmi",2019-08-15T08:03:00Z,Merdeka.com,"Samsung Perkenalkan Galaxy A10s, HP Sejutaan Saingan Berat Realme dan Redmi | merdeka.com - merdeka.com",https://www.merdeka.com/teknologi/samsung-perkenalkan-galaxy-a10s-hp-sejutaan-saingan-berat-realme-dan-redmi.html,https://cdns.klimg.com/merdeka.com/i/w/news/2019/08/15/1101422/540x270/samsung-perkenalkan-galaxy-a10s-hp-sejutaan-saingan-berat-realme-dan-redmi.jpg,2019-08-16 11:25:26.051914
Devy Octafiani,entertainment,"Jakarta - Putra Nagita Slavina dan Raffi Ahmad, Rafathar, berulang tahun. Usianya kini empat tahun.Di mata neneknya, Rieta Amilia, Rafathar menjadi salah satu cucunya yang ia sayangi. Mama Rieta pun tak bisa menutupi keharuannya kala diminta pendapatnya menge… [+944 chars]","Putra Nagita Slavina dan Raffi Ahmad, Rafathar, berulang tahun. Usianya kini empat tahun.",2019-08-16T01:07:00Z,Detik.com,"Cerita soal Rafathar, Mama Rieta sampai Nangis - detikHot",https://hot.detik.com/celeb/d-4667746/cerita-soal-rafathar-mama-rieta-sampai-nangis,https://awsimages.detik.net.id/api/wm/2018/04/20/67efe0d3-6953-44d8-8216-0968ac7b60a7_169.jpeg?wid=54&w=650&v=1&t=jpeg,2019-08-16 11:25:26.051914
Nugraha,entertainment,"Jakarta - Youtuber Ria Ricis sempat mencoba bunuh diri. Lantas, apa penyebabnya hingga ingin mengakhiri hidup?Ria Ricis menjawab masalah itu di channel YouTube Denny Cagur. Ia mengatakan rentetan masalah yang menimpa dalam hidupnya jadi trigger mencoba bunuh … [+1861 chars]","Youtuber Ria Ricis sempat mencoba bunuh diri. Lantas, apa penyebabnya hingga ingin mengakhiri hidup?",2019-08-16T00:08:00Z,Detik.com,Ria Ricis Ingin Bunuh Diri - detikHot,https://hot.detik.com/celeb/d-4667691/ria-ricis-ingin-bunuh-diri,https://awsimages.detik.net.id/api/wm/2019/07/29/6264b0d9-3dcf-4448-90a0-e72633b77ec8_169.png?wid=54&w=650&v=1&t=jpeg,2019-08-16 11:25:26.051914
Ayo Media Network,entertainment,"Ariel dan Uki Noah. (@uki_kautsar/Instagram)
JAKARTA, AYOBANDUNG.COM -- Setelah ditinggal Uki, band Noah siap tampil kembali dalam konser Project X pada 28 Desember mendatang. Konser ini akan menjadi kali pertama band asal Bandung itu tampil tanpa sang gitar… [+1074 chars]","Setelah ditinggal Uki, band Noah siap tampil kembali dalam konser Project X pada 28 Desember mendatang. Konser ini akan menjadi kali pertama band asal Bandung itu …",2019-08-15T23:39:59Z,Ayobandung.com,"Tak Ada Uki di Project X Noah, Ini Kata Ariel - ayobandung.com",https://www.ayobandung.com/read/2019/08/16/60779/tak-ada-uki-di-project-x-noah-ini-kata-ariel,https://www.ayobandung.com/images-bandung/post/articles/2019/08/16/60779/whatsapp_image_2019-08-16_at_6.34.35_am.jpeg,2019-08-16 11:25:26.051914
Zahrotustianah,entertainment,"VIVA  Kayu Bajakah yang konon diyakini bisa mengobati kanker masih jadi topik yang paling sering dicari pembaca VIVA sepanjang Kamis, 15 Agustus 2019. Namun kali ini, VIVA.co.id menyoroti kehebohan masyarakat yang mulai meresahkan para siswi penemu Kayu Bajak… [+3315 chars]","Berita Kayu Bajakah, Vina Garut Gangbang, Shafa Harris-Bastian Steel Check In terbaru hari ini 2019-08-16 06:00:04 dari sumber yang terpercaya",2019-08-15T23:00:04Z,Viva.co.id,"Kayu Bajakah, Vina Garut Gangbang, Shafa Harris-Bastian Steel Check In - VIVA - VIVA.co.id",https://www.viva.co.id/roundup/1175157-kayu-bajakah-vina-garut-gangbang-shafa-harris-bastian-steel-check-in,https://thumb.viva.co.id/media/frontend/thumbs3/2019/05/13/5cd9a115f0ad1-bastian-steel-dan-shafa-harris_665_374.jpg,2019-08-16 11:25:26.051914
Tim detikcom,entertainment,"Jakarta -
 Perselisihan antara pengacara kondang Hotman Paris dan Farhat Abbas semakin memanas. Perseteruan kedua pengacara itu kini berujung dengan aksi saling lapor.Sebelum Hotman Paris, Farhat Abbas telah lebih dahulu melaporkan adanya dugaan konten porno… [+683 chars]",Kedua pengacara terkenal itu kini saling melaporkan. Hotman melaporkan balik Farhat Abbas atas dugaan fitnah dan pencemaran nama baik.,2019-08-15T22:46:42Z,Detik.com,"Hotman vs Farhat Saling Mengadu, Siapa Diproses Lebih Dulu? - detikNews",https://news.detik.com/berita/d-4667678/hotman-vs-farhat-saling-mengadu-siapa-diproses-lebih-dulu,https://awsimages.detik.net.id/api/wm/2016/01/28/ee4125d9-a64b-4bed-b499-827b18377d6a_169.jpg?wid=54&w=650&v=1&t=jpeg,2019-08-16 11:25:26.051914
Doan Pardede,entertainment,"TRIBUNKALTIM.CO - Ramalan zodiak Jumat 16 Agustus 2019 untuk Aries, Taurus, Gemini, Cancer, Leo, Virgo, Libra, Scorpio, Sagittarius, Capricorn, Aquarius, dan Pisces.
Sesuai ramalan zodiak Jumat 16 Agustus 2019, beberapa zodiak akan mengalami hari yang baik, … [+568 chars]","Ramalan zodiak Jumat 16 Agustus 2019, beberapa zodiak akan alami hari yang baik,  beberapa lainnya diprediksi memiliki hari yang kurang menyenangkan",2019-08-15T21:01:22Z,Tribunnews.com,"Ramalan Zodiak Jumat 16 Agustus 2019, Ada Kabar Baik untuk Capricorn, Libra Sakit Hati di Malam hari - Tribun Kaltim",https://kaltim.tribunnews.com/2019/08/16/ramalan-zodiak-jumat-16-agustus-2019-ada-kabar-baik-untukcapricorn-libra-sakit-hati-di-malam-hari,https://cdn2.tstatic.net/kaltim/foto/bank/images/ramalan-zodiak-hari-ini-minggu-1952019.jpg,2019-08-16 11:25:26.051914
Tri Mulyono,entertainment,,Artis cantik berusia 22 tahun ini dibunuh dan dimutilasi. Jasadnya ditemukan tanpa busana.,2019-08-15T16:07:17Z,Tribunnews.com,"Artis Cantik Berusia 22 Tahun Ini Dibunuh dan Dimutilasi, Jasadnya Ditemukan Tanpa Busana - Surya",https://surabaya.tribunnews.com/2019/08/15/artis-cantik-berusia-22-tahun-ini-dibunuh-dan-dimutilasi-jasadnya-ditemukan-tanpa-busana,https://cdn2.tstatic.net/surabaya/foto/bank/images/artis-cantik-berusia-22-tahun-ini-dibunuh-dan-dimutilasi-jasadnya-ditemukan-tanpa-busana.jpg,2019-08-16 11:25:26.051914
Murhan,entertainment,"BANJARMASINPOST.CO.ID - Tekanan batin Nia Ramadhani dalam pernikahan dengan Ardi Bakrie terungkap. Hal ini terjadi di awal pernikahan itu.
Adanya tekanan batin yang dirasakan Nia Ramadhani itu datang dari keluarga suaminya Ardi Bakrie.
Dari cerita Nia Ramad… [+1305 chars]",Tekanan batin Nia Ramadhani dalam pernikahan dengan Ardi Bakrie terungkap. Hal ini terjadi di awal pernikahan itu.,2019-08-15T14:52:01Z,Tribunnews.com,"Tekanan Batin Nia Ramadhani dalam Pernikahan dengan Ardi Bakrie Terungkap, Terjadi Saat Awal Nikah - BanjarmasinPos.co.id",https://banjarmasin.tribunnews.com/2019/08/15/tekanan-batin-nia-ramadhani-dalam-pernikahan-dengan-ardi-bakrie-terungkap-terjadi-saat-awal-nikah,https://cdn2.tstatic.net/banjarmasin/foto/bank/images/nia-ramadhani-dan-ardi-bakrie-di-pemotretan.jpg,2019-08-16 11:25:26.051914
Nina Nadiah,entertainment,,Kamu harus tahu ya!,2019-08-15T14:40:00Z,Idntimes.com,"6 Ciri-ciri Pasangan yang Hanya Manfaatkan Kamu, Hati-hati! - IDN Times",https://www.idntimes.com/life/relationship/ruhil-anadiah-sabrina-1/6-ciri-ciri-pasangan-yang-hanya-manfaatkan-kamu-hati-hati-c1c2,https://cdn.idntimes.com/content-images/community/2019/08/pexels-photo-984946-f2298c6e64d54948521992440d0e5a3e_wm_600x315.jpeg,2019-08-16 11:25:26.051914
Pingkan Anggraini,entertainment,"Jakarta - Zaskia Adya Mecca yang merupakan istri dari Hanung Bramantyo mengungkapkan perbedaan sang suami usai menggarap film 'Bumi Manusia'. Hanung disebut telah mengalami banyak perubahan.""Pastinya iya mengubah banyak hal. 'Bumi Manusia' ini banyak keluar d… [+1065 chars]",Zaskia Adya Mecca yang merupakan istri dari Hanung Bramantyo mengungkapkan perbedaan sang suami usai menggarap film 'Bumi Manusia'.,2019-08-15T14:38:07Z,Detik.com,Zaskia Adya Mecca Merasa Hanung Bramantyo Berubah - detikHot,https://hot.detik.com/celeb/d-4667545/zaskia-adya-mecca-merasa-hanung-bramantyo-berubah,https://awsimages.detik.net.id/api/wm/2017/12/29/4494c5fc-1c9a-4b98-8dd6-ebe800d2db85_169.png?wid=54&w=650&v=1&t=jpeg,2019-08-16 11:25:26.051914
Yuliana,entertainment,"Anak kedua Dede Sunandar mengidap penyakit langka, namun bocah kecil bernama Ladzan Syafiq Sunandar itu tak tunjukkan penampakan fisik penderita Williams Sindrom. Dede dan keluarga tak punya riwayat jantung, dokter berkata penyakit anak Dede titipan Allah.
P… [+1233 chars]","Anak kedua Dede Sunandar mengidap penyakit langka, namun bocah kecil bernama Ladzan Syafiq Sunandar itu tak tunjukkan penampakan fisik penderita Williams Sindrom. Dede dan keluarga tak punya riwayat jantung, dokter berkata penyakit anak Dede titipan Allah.",2019-08-15T14:00:00Z,Cumicumi.com,"Penyebab William Sindrom Anak Dede Sunandar Masih Tanda Tanya, Dokter Sebut Titipan Allah - CumiCumi.com",https://www.cumicumi.com/news/cumi-celebs/170611/penyebab-william-sindrom-anak-dede-sunandar-masih-tanda-tanya-dokter-sebut-titipan-allah,https://www.cumicumi.com/uploads/public/5d5/50b/bdc/5d550bbdc2e69926779344.jpg,2019-08-16 11:25:26.051914
,entertainment,,Donna Harun telah menikah lagi dengan lelaki yang akrab disapa Ad Hanafiah. Belum lama ini ia pun telihat mendatangi dokter kandungan.,2019-08-15T13:15:00Z,Grid.id,"Hampir Sebulan Menikah, Dona Harun Terlihat Datangi Dokter Kandungan! Hamil? - Grid.ID",https://www.grid.id/read/041819931/hampir-sebulan-menikah-dona-harun-terlihat-datangi-dokter-kandungan-hamil,https://asset-a.grid.id/crop/70x0:495x296/700x465/photo/2019/02/26/3464152292.png,2019-08-16 11:25:26.051914
Nova,entertainment,"Fairuz A Rafiq menolah tawaran mediasi Galih Ginanjar atas kasus video ikan asin. Fairuz mantap menyelesaikan kasus sampai tahap persidangan. Sebagai kakak ipar, Elma Theana mendukung dan menyatakan pihak Galih harus menerima risiko atas ucapannya sendiri. 
… [+780 chars]","Fairuz A Rafiq menolah tawaran mediasi Galih Ginanjar atas kasus video ikan asin. Fairuz mantap menyelesaikan kasus sampai tahap persidangan. Sebagai kakak ipar, Elma Theana mendukung dan menyatakan pihak Galih harus menerima risiko atas ucapannya sendiri.",2019-08-15T13:00:00Z,Cumicumi.com,"Fairuz A Rafiq Tolak Maaf Galih Ginanjar, Elma Theana: Risiko, Terima Saja - CumiCumi.com",https://www.cumicumi.com/news/cumi-celebs/170610/fairuz-rafiq-tolak-maaf-galih-ginanjar-elma-theana-risiko-terima-saja,https://www.cumicumi.com/uploads/public/5d5/4f5/d20/5d54f5d20e036170053604.jpg,2019-08-16 11:25:26.051914
Alviana Harmayani Masrifah,entertainment,"Akuisisi Fox oleh Disney membuat banyak penggemar berharap agar karakter Marvel di Fox segera tampil di Marvel Cinematic Universe (MCU). Bahkan, sebelum akuisisi itu usai, para penggemar sudah sangat ingin melihat para karakter X-Men tampil Avengers: Infinity… [+3472 chars]",Wolverine akan menjadi satu-satunya karakter X-Men yang selamat dari jentikan jari Thanos jika X-Men bergabung Marvel Cinematic...,2019-08-15T12:37:00Z,Sindonews.com,"Jentikan Jari Thanos Lenyapkan Seluruh X-Men, Kecuali Wolverine - SINDOnews.com",https://lifestyle.sindonews.com/read/1430273/158/jentikan-jari-thanos-lenyapkan-seluruh-x-men-kecuali-wolverine-1565872652,https://cdn.sindonews.net/dyn/620/content/2019/08/15/158/1430273/jentikan-jari-thanos-lenyapkan-seluruh-x-men-kecuali-wolverine-9Tg.jpg,2019-08-16 11:25:26.051914
Yuliana,entertainment,"Baim Wong mencoba tinggal di pulau tak berpenghuni di kawasan Guangzhou, China. Menepi sejenak di pulau terpencil lepaskan segala atribut keartisan dengan fasilitas mewah, Baim menceritakan pengalaman hidup ala kadarnya.
Kepada cumicumi.com, Baim bagikan cer… [+74 chars]","Kepada cumicumi.com, Baim bagikan cerita mengejutkan merasakan sensaai tinggal di pulau kosong selama tiga hari.",2019-08-15T12:30:00Z,Cumicumi.com,5 Pengalaman Penuh Sensasi Baim Wong Selama Tinggal di Pulau Tak Berpenghuni - CumiCumi.com,https://www.cumicumi.com/news/cumi-celebs/170624/5-pengalaman-penuh-sensasi-baim-wong-selama-tinggal-di-pulau-tak-berpenghuni,https://www.cumicumi.com/uploads/public/5d5/548/68c/5d554868c79dc339026544.jpg,2019-08-16 11:25:26.051914
Frida Anjani,entertainment,"SURYAMALANG.COM - Ramalan peramal kondang Mbak You kembali terbukti dan berhasil mencuri perhatian banyak orang. 
Ramalan Mbak You sebelumnya mengenai artis-artis yang terjerat kasus narkoba terbukti benar dan terjadi. 
Artis Rio Reifan yang baru saja terci… [+1180 chars]","Ramalan Mbak You Soal Artis Narkoba Terbukti Benar, Kini Waktu Rio Reifan Diciduk Polisi Akibat Sabu",2019-08-15T12:03:38Z,Tribunnews.com,"Ramalan Mbak You Soal Artis Narkoba Terbukti Benar, Kini Waktu Rio Reifan Diciduk Polisi Akibat Sabu - Surya Malang",https://suryamalang.tribunnews.com/2019/08/15/ramalan-mbak-you-soal-artis-narkoba-terbukti-benar-kini-waktu-rio-reifan-diciduk-polisi-akibat-sabu,https://cdn2.tstatic.net/suryamalang/foto/bank/images/mbak-you-rio-reifan.jpg,2019-08-16 11:25:26.051914
"Zahrotustianah, Wahyu Firmansyah",entertainment,"VIVA  Museum Bumi Manusia resmi dibuka. Sutradara film Bumi Manusia, Hanung Bramantyo, dan anak penulis Pramoedya Ananta Toer, Astuti, meresmikan museum tersebut, Selasa, 13 Agustus 2019.
Lokasi Museum Bumi Manusia sendiri berada di Studio Alam Gamplong, Kul… [+1708 chars]","Berita Rumah Nyai Ontosoroh Kini Museum Bumi Manusia, Ini 4 Penampakannya! terbaru hari ini 2019-08-15 19:00:02 dari sumber yang terpercaya",2019-08-15T12:00:02Z,Viva.co.id,"Rumah Nyai Ontosoroh Kini Museum Bumi Manusia, Ini 4 Penampakannya! - VIVA - VIVA.co.id",https://www.viva.co.id/gaya-hidup/travel/1174946-rumah-nyai-ontosoroh-kini-museum-bumi-manusia-ini-4-penampakannya,https://thumb.viva.co.id/media/frontend/thumbs3/2019/08/14/5d53db40933ed-museum-bumi-manusia_665_374.jpg,2019-08-16 11:25:26.051914
Munawwarah Ahmad,entertainment,"NET TV Benar Bangkrut? The Comment 6 Tahun Mengudara Pamit, Ini TalkshowSule &amp; Andre Gimana?
TRIBUN-TIMUR.COM,- Penikmat program The Comment NET TV, kabar duka bagi Anda.
Pasalnya program yang tayang sejak 27 Mei 2013 ini harus memasuki episode terakhir… [+1920 chars]","NET TV Benar Bangkrut? The Comment 6 Tahun Mengudara Pamit, Ini Talkshow Sule & Andre Gimana?",2019-08-15T11:54:21Z,Tribunnews.com,"NET TV Benar Bangkrut? The Comment 6 Tahun Mengudara Pamit, Ini Talkshow Sule & Andre Gimana? - Tribun Timur",https://makassar.tribunnews.com/2019/08/15/net-tv-benar-bangkrut-the-comment-6-tahun-mengudara-pamit-ini-talkshow-sule-andre-gimana,https://cdn2.tstatic.net/makassar/foto/bank/images/dimas-danang-dan-imam-darto.jpg,2019-08-16 11:25:26.051914
,entertainment,"Saat ini, putri Denada, Shakira sedang menjalani pengobatan kanker di Singapura. 
Dream - Rumah Denada yang berada di kawasan Tanjung Barat, Jakarta Selatan, berniat untuk dijual. Dikabarkan rumah itu dijual demi membiayai pengobatan putri Denada, Shakira ya… [+1793 chars]",Saat ini putri Denada Shakira sedang menjalani pengobatan kanker di Singapura,2019-08-15T11:24:00Z,Dream.co.id,Uya Kuya Bantu Jual Rumah Denada Seharga Rp 7 Miliar - Dream,https://www.dream.co.id/showbiz/uya-kuya-berniat-membeli-rumah-denada-190815m.html,http://cdn.klimg.com/dream.co.id/resources/news/2019/08/15/114920/664xauto-uya-kuya-berniat-membeli-rumah-denada-190815m.jpg,2019-08-16 11:25:26.051914
,entertainment,,"Foto mesra bareng Lenny Kravitz, Nikita Mirzani mengaku awalnya dia tak tahu bahwa pria itu adalah penyanyi dan aktor terkenal.",2019-08-15T11:20:00Z,Grid.id,"Foto Mesra Bareng Lenny Kravitz, Nikita Mirzani Akui Awalnya Tak Tahu Pria Tersebut Penyanyi dan Aktor Terk... - Grid.ID",https://www.grid.id/read/041819822/foto-mesra-bareng-lenny-kravitz-nikita-mirzani-akui-awalnya-tak-tahu-pria-tersebut-penyanyi-dan-aktor-terkenal,https://asset-a.grid.id/crop/0x0:0x0/700x465/photo/2019/08/15/1855891789.jpg,2019-08-16 11:25:26.051914
Agustin Setyo Wardani,science,"Dalam lubang hitam, materi dikemas ke dalam ruang kecil, memberi mereka gravitasi yang sangat kuat. Misalnya, pada Sgr A*, memiliki massa 4 juta matahari. Tarikannya sangat kuat sehingga cahaya pun tak bisa lepas.
Oleh karenanya, para peneliti harus mengamat… [+866 chars]",Lubang hitam supermasif ini mengejutkan astronom dengan ledakan cahaya inframerah yang belum pernah terjadi sebelumnya.,2019-08-16T01:00:00Z,Liputan6.com,Imuwan Bingung Lubang Hitam Supermasif Mendadak Bersinar Terang - Liputan6.com,https://www.liputan6.com/tekno/read/4038491/imuwan-bingung-lubang-hitam-supermasif-mendadak-bersinar-terang,https://cdn0-production-images-kly.akamaized.net/W9oTzbiSl8APeoA896_bU4P9FWg=/673x379/smart/filters:quality(75):strip_icc():format(jpeg)/kly-media-production/medias/2882694/original/013846500_1565852705-lubang_hitam_supermasif.jpg,2019-08-16 11:25:26.051914
Agustin Setyo Wardani,science,"Asteroid lain yang bakal melintas dekat Bumi, adalah asteroid yang berukuran sebesar Piramida Giza di Mesir atau sekitar 160 meter.
Mengutip laman Dailystar, Senin (12/8/2019), asteroid ini bakal melintasi Bumi pada 28 Agustus 2019. Asteroid ini diberi nama … [+861 chars]","Asteroid bernama 2018 PN22 tengah mendekati Bumi, namun batu luar angkasa ini tak digolongkan dalam kelompok asteroid yang berbahaya bagi Bumi.",2019-08-15T23:30:28Z,Liputan6.com,"17 Agustus, Asteroid Sebesar Bus Sekolah Bakal Lintasi Bumi - Liputan6.com",https://www.liputan6.com/tekno/read/4038587/17-agustus-asteroid-sebesar-bus-sekolah-bakal-lintasi-bumi,https://cdn1-production-images-kly.akamaized.net/Wt79dCZHXj_EfTEJa2JlaP9aIME=/673x379/smart/filters:quality(75):strip_icc():format(jpeg)/kly-media-production/medias/2797334/original/093692500_1557127224-asteroid.jpg,2019-08-16 11:25:26.051914
Leonardus Selwyn Kangsaputra,science,"Indonesia akan merasakan bulan purnama ikan sturgeon atau biasa disebut dengan Sturgeon Moon mulai dari 15-17 Agustus 2019. Mungkin dari beberapa orang awam akan merasa bingung dengan makna dari Sturgeon Moon yang akan menyinari Indonesia mulai malam ini.
 … [+1491 chars]",Indonesia akan merasakan bulan purnama ikan sturgeon atau biasa disebut dengan Sturgeon Moon,2019-08-15T21:16:00Z,Okezone.com,"Indonesia Disinari Cahaya Bulan Sturgeon, Ambil Manfaat Positifnya : Okezone Lifestyle - Okezone",https://lifestyle.okezone.com/read/2019/08/15/612/2092484/indonesia-disinari-cahaya-bulan-sturgeon-ambil-manfaat-positifnya,https://img.okezone.com/content/2019/08/15/612/2092484/indonesia-disinari-cahaya-bulan-sturgeon-ambil-manfaat-positifnya-yG8EXefK3v.jpg,2019-08-16 11:25:26.051914
,science,"AMERIKA, KRJOGJA.com - Universitas Cornell berhasil mendeteksi delapan sinyal di antariksa yang dikenal sebagai fast radio bursts (FRBs). Fenomena ini diklaim masuk ke dalam salah satu misteri terbesar di alam semesta.
Laporan itu tersedia dalam The Astrophy… [+1249 chars]",AMERIKA KRJOGJA com Universitas Cornell berhasil mendeteksi delapan sinyal di antariksa yang dikenal sebagai fast radio bursts FRBs Fenomena ini diklaim masuk ke dalam salah satu misteri terbesar di alam semesta Laporan itu tersedia dalam The Astrophysical Jo…,2019-08-15T18:42:00Z,Krjogja.com,Angkasa Kirimkan Delapan Sinyal Misterius ke Bumi - Kedaulatan Rakyat,https://krjogja.com/web/news/read/107391/Angkasa_Kirimkan_Delapan_Sinyal_Misterius_ke_Bumi,https://www.krjogja.com/kr-admin/files/news/image/107391/small_Planet%206.jpg,2019-08-16 11:25:26.051914
"Yandri Daniel Damaledo, Rachma Dania, Rachma Dania",science,Asteroid 2019 OU1 diperkirakan berukuran antara 71 meter hingga 159 meter dan meluncur dengan kecepatan 8 mil per detiknya. tirto.id - Badan Penerbangan dan Antariksa atau NASA kembali menemukan adanya asteroid yang mendekati bumi seminggu setelah asteroid 20… [+2633 chars],Asteroid 2019 OU1 diperkirakan berukuran antara 71 meter hingga 159 meter dan meluncur dengan kecepatan 8 mil per detiknya.,2019-08-15T13:29:16Z,Tirto.id,NASA Peringatkan Ada Asteroid Besar Dekati Bumi pada 28 Agustus - tirto.id,https://tirto.id/nasa-peringatkan-ada-asteroid-besar-dekati-bumi-pada-28-agustus-egkW,https://mmc.tirto.id/image/otf/1024x535/2019/07/11/ilustrasi-asteroid-emas-16-pysche-istock--2.jpg,2019-08-16 11:25:26.051914
Nita Nurfitria,science,,Bisa melihat hampir 360 derajat!,2019-08-15T12:02:00Z,Idntimes.com,"Fakta Kehebatan Capung, si Mata Besar yang Jago Menyergap Mangsa - IDN Times",https://www.idntimes.com/science/discovery/nita-nurfitria-1/8-fakta-kehebatan-capung-si-mata-besar-yang-jago-menyergap-mangsa,https://cdn.idntimes.com/content-images/community/2019/08/photo-1496922117019-9ab8bce6a87b-4326a0313e377d3abe818eeaa5d4ea18_wm_600x315.jpeg,2019-08-16 11:25:26.051914
Pernita Hestin Untari,science,"JAKARTA -Jupiter merupakan salah satu planet terbesar di tata surya. Planet ini didominasi oleh gas awan yang berputar. Meskipun demikian, inti jupiter diyakini kecil yang berupa batu padat.
Dilansir dari laman New Atlas, Kamis (15/8/2019) data dari penyelid… [+1400 chars]",Jupiter merupakan salah satu planet terbesar di tata surya.,2019-08-15T07:49:00Z,Okezone.com,Peneliti Jelaskan Penyebab Besarnya Ukuran Planet Jupiter - Okezone,https://techno.okezone.com/read/2019/08/15/56/2092250/peneliti-jelaskan-penyebab-besarnya-ukuran-planet-jupiter,https://img.okezone.com/content/2019/08/15/56/2092250/peneliti-jelaskan-penyebab-besarnya-ukuran-planet-jupiter-FsJiim9dFB.jpg,2019-08-16 11:25:26.051914
,science,"Reportasee.com,- Medan magnet butuh lebih dari 22.000 tahun untuk mengalami pembalikan terakhir. Catatan vulkanik mengungkapkan bahwa kompleksitas rotasi adalah puncak terakhir perputaran Bumi.
Melansir dari Live Science, Kamis (15/08/2019), Pembalikan terak… [+2292 chars]",Medan magnet butuh 22.000 tahun untuk pembalikan terakhir. Catatan vulkanik mengungkapkan bahwa kompleksitas rotasi adalah puncak terakhir perputaran Bumi.,2019-08-15T03:03:19Z,Reportasee.com,Medan Magnet Akan Alami Pembalikan Terakhir - Reportasee,https://reportasee.com/medan-magnet-akan-alami-pembalikan-terakhir/,https://reportasee.com/wp-content/uploads/2019/08/Medan-Magnet.jpg,2019-08-16 11:25:26.051914
,science,"Bobo.id – Bumi merupakan planet tempat tinggal kita. Kita bisa hidup di Bumi karena planet ini memang layak huni.
Bumi memiliki air sebagai hal paling utama planet layak huni. Bumi juga punya atmosfer yang melindungi kita dari hantaman batuan antariksa.
Atm… [+3517 chars]","Bumi merupakan planet tempat tinggal kita karena memang layak huni. Lalu, apa yang akan terjadi jika Bumi berukuran dua kali lebih besar?",2019-08-15T02:59:00Z,Grid.id,Ternyata Ini yang Akan Terjadi Jika Bumi Berukuran 2 Kali Lebih Besar - Bobo,https://bobo.grid.id/read/081818724/ternyata-ini-yang-akan-terjadi-jika-bumi-berukuran-2-kali-lebih-besar?page=all,https://asset-a.grid.id//crop/0x0:0x0/700x465/photo/2019/03/12/159902472.jpg,2019-08-16 11:25:26.051914
Amal Nur Ngazis,science,"VIVA  Kru astronaut Expedition 59 yang bertugas di Stasiun Antariksa Internasional atau ISS belum lama ini memamerkan foto Sulawesi Utara dari luar angkasa. Astronaut terkesima dengan awan Sulawesi sehingga memotretnya dari dari balik jendela ISS.
Momen ters… [+1296 chars]","Berita Foto Sulawesi dari Stasiun Luar Angkasa, Bikin Astronaut Terkesima terbaru hari ini 2019-08-15 09:00:01 dari sumber yang terpercaya",2019-08-15T02:00:01Z,Viva.co.id,"Foto Sulawesi dari Stasiun Luar Angkasa, Bikin Astronaut Terkesima - VIVA - VIVA.co.id",https://www.viva.co.id/digital/teknopedia/1174970-foto-sulawesi-dari-stasiun-luar-angkasa-bikin-astronaut-terkesima,https://thumb.viva.co.id/media/frontend/thumbs3/2019/08/14/5d53f9a51eb37-foto-sulawesi-dari-stasiun-luar-angkasa-internasional-iss_665_374.jpg,2019-08-16 11:25:26.051914
,science,"Jakarta, CNN Indonesia -- Sejumlah astronom Amerika dari Universitas Cornell berhasil mendeteksi delapan sinyal di antariksa yang dikenal sebagai fast radio bursts (FRBs). Fenomena ini diklaim masuk ke dalam salah satu misteri terbesar di alam semesta.Laporan… [+2002 chars]",Sejumlah astronom mendeteksi delapan sinyal di antariksa yang diklaim masuk ke dalam misteri terbesar di alam semesta.,2019-08-15T01:50:08Z,Cnnindonesia.com,Astronom Deteksi 8 Sinyal Misterius di Antariksa - CNN Indonesia,https://www.cnnindonesia.com/teknologi/20190814141105-199-421241/astronom-deteksi-8-sinyal-misterius-di-antariksa,https://awsimages.detik.net.id/visual/2018/02/18/c08e29e3-ce06-45fd-8590-a1b579eefb1e.jpeg?w=650,2019-08-16 11:25:26.051914
Agung Pratnyawan,science,"Hitekno.com - Hujan meteor perseid kembali terjadi di pertengahan Agustus 2019 ini. Kejadian ini sayang untuk dilewatkan, karena tidak terjadi tiap bulan.
Penampakan hujan meteor perseid ini hanya setahun sekali, fenomena langit ini bisa dinikmati hampir di … [+2614 chars]",Apa sebenarnya hujan meteor Perseid? Mengapa selalu terjadi pada sekitar Agustus? Adakah fenomena ini berbahaya bagi Bumi?,2019-08-15T01:00:00Z,Hitekno.com,"Harus Tahu, Ini 3 Fakta Menakjubkan Hujan Meteor Perseid - Hitekno.com - hitekno",https://www.hitekno.com/sains/2019/08/15/080000/harus-tahu-ini-3-fakta-menakjubkan-hujan-meteor-perseid,https://media.hitekno.com/thumbs/2018/10/18/56385-ilustrasi-hujan-meteor-pixabayfree-photos/730x480-img-56385-ilustrasi-hujan-meteor-pixabayfree-photos.jpg,2019-08-16 11:25:26.051914
,science,"Jakarta, CNN Indonesia -- Ilmuwan melaporkan telah menemukan spesies dinosaurus herbivora terbaru. Spesies yang dinamakan Aquilarhinus palimentus atau dikenal dengan Hadrosaurid diduga sebagai dinosaurus herbivora yang hidup di akhir era mesozoikum yakni seki… [+1314 chars]",Ilmuwan melaporkan telah menemukan spesies dinosaurus herbivora terbaru yang hidup di akhir era mesozoikum yakni sekitar 80 juta tahun lalu.,2019-08-15T00:00:48Z,Cnnindonesia.com,Ilmuwan Temukan Dinosaurus Herbivora Berumur 80 Juta Tahun - CNN Indonesia,https://www.cnnindonesia.com/teknologi/20190730183357-199-416866/ilmuwan-temukan-dinosaurus-herbivora-berumur-80-juta-tahun,https://awsimages.detik.net.id/visual/2015/02/03/ede45b9a-ae1e-42fd-90c8-8ee0704ad165_169.jpg?w=650,2019-08-16 11:25:26.051914
Liputan6.com,science,"Liputan6.com, Jakarta - Rahasia besar di luar angkasa satu per satu mulai terpecahkan. Banyak cara yang dilakukan Badan Penerbangan dan Antariksa Amerika Serikat (NASA) untuk membongkar misteri di galaksi,
Para peneliti NASA melakukan sejumlah cara demi menc… [+1171 chars]",Berikut temuan NASA dari hasil penelitiannya di luar angkasa hingga 10 tahun.,2019-08-14T23:30:07Z,Liputan6.com,3 Rahasia Besar Luar Angkasa yang Berhasil Dipecahkan NASA - Liputan6.com,https://www.liputan6.com/tekno/read/4037845/3-rahasia-besar-luar-angkasa-yang-berhasil-dipecahkan-nasa,https://cdn0-production-images-kly.akamaized.net/_25xmQ8q0TQjbm2jXe4WZnkigqc=/673x379/smart/filters:quality(75):strip_icc():format(jpeg)/kly-media-production/medias/2873329/original/008352800_1565001429-uvola_ikola.jpg,2019-08-16 11:25:26.051914
,science,,peneliti NASA sudah berhasil memecahkan satu persatu rahasia luar angkasa.,2019-08-14T15:05:00Z,Brilio.net,"3 Temuan baru NASA soal rahasia luar angkasa, ada planet mirip Bumi - Brilio",https://m.brilio.net/serius/deretan-temuan-terbaru-nasa-di-luar-angkasa-ada-planet-baru-190814r.html,https://cdn.brilio.net/news/2019/08/14/168912/750xauto-deretan-temuan-terbaru-nasa-di-luar-angkasa-ada-planet-baru-190814r.jpg,2019-08-16 11:25:26.051914
Agung Pratnyawan,science,"Hitekno.com - Salah satu siksaan paling kejam bagi seekor siput adalah mandi garam. Penampakan siput zombie satu ini mungkin akan membuat kamu menyesal apabila dahulu pernah menjahili hewan tersebut dengan garam.
Apabila siput diberi garam, maka garam akan m… [+2290 chars]",Siput zombie ini ternyata tak menakutkan namun mereka justru tersiksa karena dikendalikan cacing.,2019-08-14T13:30:00Z,Hitekno.com,"Sangat Absurd, Begini Cara Siput Zombie Menjebak Mangsanya - Hitekno.com - hitekno",https://www.hitekno.com/sains/2019/08/14/203000/sangat-absurd-begini-cara-siput-zombie-menjebak-mangsanya,https://media.hitekno.com/thumbs/2019/08/14/57731-siput-zombie/730x480-img-57731-siput-zombie.jpg,2019-08-16 11:25:26.051914
Agung Pratnyawan,science,"Hitekno.com - Sudah sejak lama, astronom menemukan berbagai sinyal misterius dari luar angkasa. Jadi teror untuk Bumi, hingga hari ini astronom tidak mengetahui makna dari sinyal-sinyal ini.
Semakin berkembangnya teknologi, para astronom lalu menemukan cara … [+2175 chars]",Dalam jurnal tersebut dijelaskan bahwa astronom telah sukses meneliti sinyal misterius dari luar angkasa yang selama ini menjadi teror untuk Bumi.,2019-08-14T09:30:00Z,Hitekno.com,"Jadi Teror untuk Bumi, Astronom Teliti Sinyal Misterius dari Luar Angkasa - Hitekno.com - hitekno",https://www.hitekno.com/sains/2019/08/14/163000/jadi-teror-untuk-bumi-astronom-teliti-sinyal-misterius-dari-luar-angkasa,https://media.hitekno.com/thumbs/2019/01/31/46705-objek-misterius-mengobit-bumi/730x480-img-46705-objek-misterius-mengobit-bumi.jpg,2019-08-16 11:25:26.051914
Solusi Sistem Nusantara,science,"Washington D.C, Gatra.com - Para peneliti menemukan sisa debu antariksa antarbintang ketika mengangkut 1.000 pon salju di Antartika. Debu ini diduga berasal dari ledakan supernova dari sebuah bintang jutaan tahun yang lalu.
Debu ini dapat dideteksi karena me… [+1726 chars]","Berita Politik, Ekonomi dan Nasional",2019-08-14T08:25:00Z,Gatra.com,Ditemukan Debu dari Bintang Asing di Antartika | Technology - Gatra,https://www.gatra.com/detail/news/437451/technology/ditemukan-debu-dari-bintang-asing-di-antartika,https://www.gatra.com/./foldershared/images/2019/fuad/08-Aug/masd.jpg,2019-08-16 11:25:26.051914
Dinar Surya Oktarini,science,"Hitekno.com - National Aeronautics and Space Administration atau NASA belum lama ini mengunggah potret awanpulau Sulawesi dari luar angkasa. Bikin takjub, potret terminator awan pulau Sulawesi ini dianggap sebagai yang paling indah di dunia.
Potret awan pula… [+1813 chars]",Tangkapan gambar yang menakjubkan dari NASA ini didapat saat ISS melintasi khatulistiwa.,2019-08-14T07:00:00Z,Hitekno.com,"Bikin Takjub, NASA Unggah Potret Awan Pulau Sulawesi dari Luar Angkasa - Hitekno.com - hitekno",https://www.hitekno.com/sains/2019/08/14/140000/bikin-takjub-nasa-unggah-potret-awan-pulau-sulawesi-dari-luar-angkasa,https://media.hitekno.com/thumbs/2019/08/14/61156-pulau-sulawesi-dari-iss-instagramnasaearth/730x480-img-61156-pulau-sulawesi-dari-iss-instagramnasaearth.jpg,2019-08-16 11:25:26.051914
advertorial,science,"Industri kecantikan dikenal sebagai industri yang paling berkembang soal tren perawatan kulit. Perkembangan tren dan produk perawatan ini pun berbanding lurus dengan pertumbuhan pengguna media sosial. Memang, berbagai pilihan produk perawatan yang ada ada di … [+3921 chars]",Industri kecantikan dikenal sebagai industri yang paling berkembang soal tren perawatan kulit.,2019-08-14T06:47:00Z,Kompas.com,Peran Tes DNA Bagi Konsumen Di Tengah Pertumbuhan Industri Kecantikan - KOMPAS.com,https://biz.kompas.com/read/2019/08/14/134737728/peran-tes-dna-bagi-konsumen-di-tengah-pertumbuhan-industri-kecantikan,https://asset.kompas.com/crop/0x7:740x500/780x390/data/photo/2019/08/14/5d53ae67d1701.jpg,2019-08-16 11:25:26.051914
Randy Prasatya,sports,"Jakarta - Liga 1 2019 akan memantaskan tiga pertandingan pada hari ini. Berikut jadwal siaran langsung pertandingannya.Bhayangkara FC akan menjamu Perseru Badak Lampung di Stadion Patriot Candrabhaga, Bekasia, Jumat (16/8/2019) sore WIB. Bhayangkara FC saat i… [+1217 chars]",Liga 1 2019 akan memantaskan tiga pertandingan pada hari ini. Berikut jadwal siaran langsung pertandingannya.,2019-08-16T01:00:00Z,Detik.com,Jadwal Liga 1 Hari Ini: Madura United Vs Persija - detikSport,https://sport.detik.com/sepakbola/liga-indonesia/d-4667741/jadwal-liga-1-hari-ini-madura-united-vs-persija,https://akcdn.detik.net.id/api/wm/2019/08/15/7c1cbd9b-de3a-4f46-a292-c4cb6d24eef3_169.jpeg?wid=54&w=650&v=1&t=jpeg,2019-08-16 11:25:26.051914
Ahmad Tsalis,sports,"BOLASPORT.COM - Agen Ivan Perisic, Frane Jurcevic, mengungkap respons pelatih Inter Milan, Antonio Conte, setelah tahu sang klien meninggalkan I Nerazzurri.
WingerInter Milan, Ivan Perisic, memilih menyeberang ke Bayern Muenchen pada bursa transfer musim pan… [+820 chars]","Agen Ivan Perisic, Frane Jurcevic, mengungkap respons pelatih Inter Milan, Antonio Conte, setelah tahu sang klien meninggalkan I Nerazzurri.",2019-08-16T01:00:00Z,Bolasport.com,Antonio Conte Terperanjat Saat Ivan Perisic Tinggalkan Inter Milan - Bolasport.com,https://www.bolasport.com/read/311820058/antonio-conte-terperanjat-saat-ivan-perisic-tinggalkan-inter-milan,https://asset-a.grid.id/crop/0x0:0x0/700x465/photo/2019/07/19/184388483.jpg,2019-08-16 11:25:26.051914
,sports,"Bola.net - Tiga pemain asing harus terdepak dari skuat Persib Bandung. Sang pelatih, Robert Rene Alberts, mengungkapkan bahwa mereka sudah menerima keputusan yang diambil dari hasil evaluasi oleh manajemen dan tim kepelatihan itu.
Tiga pemain, yakni Bojan Ma… [+2503 chars]","Tiga pemain asing harus terdepak dari skuat Persib Bandung. Sang pelatih, Robert Rene Alberts, mengungkapkan bahwa mereka sudah menerima keputusan yang diambil dari hasil evaluasi oleh manajemen dan tim kepelatihan itu.",2019-08-16T00:56:00Z,Bola.net,Rene Alberts Punya Pesan Penting untuk Tiga Rekrutan Asing Persib Bandung - Bola.net,https://www.bola.net/indonesia/rene-alberts-punya-pesan-penting-untuk-tiga-rekrutan-asing-persib-bandung-66f640.html,https://cdns.klimg.com/bola.net/library/upload/21/2019/05/robert-rene-alberts-_8794f09.jpg,2019-08-16 11:25:26.051914
,sports,"Jakarta, CNN Indonesia -- Direktur olahraga Paris Saint-Germain, Leonardo, menyatakan Neymar telah membuat kesalahan sehingga mendapat respons negatif dari fan Les Parisiens.Beberapa suporter yang datang ke Stadion Parc des Princes ketika PSG berhadapan denga… [+1469 chars]","Direktur olahraga Paris Saint-Germain, Leonardo, menyatakan Neymar telah membuat kesalahan sehingga mendapat respons negatif dari fan Les Parisiens.",2019-08-16T00:55:53Z,Cnnindonesia.com,PSG: Neymar Membuat Kesalahan - CNN Indonesia,https://www.cnnindonesia.com/olahraga/20190816071940-142-421789/psg-neymar-membuat-kesalahan,https://awsimages.detik.net.id/visual/2019/08/02/f005dc12-b5f3-451d-9189-79070858e4fc.jpeg?w=650,2019-08-16 11:25:26.051914
Mohammad Resha Pratama,sports,"Istanbul - Sadio Mane memang jadi pahlawan Liverpool di Piala Super Eropa 2019 berkat dua golnya. Tapi, gol-gol itu takkan hadir tanpa andil Roberto Firmino.Menghadapi Chelsea di Vodafone Park, Kamis (15/8/2019) dini hari WIB kemarin, Liverpool tidak menurunk… [+1562 chars]","Sadio Mane memang jadi pahlawan Liverpool di Piala Super Eropa 2019 berkat dua golnya. Tapi, gol-gol itu takkan hadir tanpa andil Roberto Firmino.",2019-08-16T00:44:13Z,Detik.com,"Mane: Terima Kasih untuk Dua Assistmu, Bobby - detikSport",https://sport.detik.com/sepakbola/uefa/d-4667734/mane-terima-kasih-untuk-dua-assistmu-bobby,https://akcdn.detik.net.id/api/wm/2019/08/16/dbc5c9b7-14b7-410a-a99e-4f91ede2ca36_169.jpeg?wid=54&w=650&v=1&t=jpeg,2019-08-16 11:25:26.051914
,sports,"Surabaya (beritajatim.com) – Sempat mengamuk lantaran tak puas dengan hasil pertandingan antara Persebaya Surabaya melawan Arema FC, Bonek (pendukung Persebaya) akhirnya akhirnya ditemui Presiden Persebaya, Azrul Ananda, Jumat dini hari (16/8/2019), di depan … [+1341 chars]","Surabaya (beritajatim.com) - Sempat mengamuk lantaran tak puas dengan hasil pertandingan antara Persebaya Surabaya melawan Arema FC, Bonek (pendukung Persebaya) akhirnya akhirnya ditemui Presiden Pers",2019-08-16T00:36:00Z,Beritajatim.com,"Bonek Mengamuk, Presiden Persebaya Turun Tangan Berikan Pengertian - beritajatim",https://beritajatim.com/olahraga/bonek-mengamuk-presiden-persebaya-turun-tangan-berikan-pengertian/,https://beritajatim.com/wp-content/uploads/2019/08/IMG-20190815-WA0060-1024x576.jpg,2019-08-16 11:25:26.051914
Muhammad Adiyaksa,sports,"Bola.com, Bogor - Penampilan impresif Angga Saputro bersama Tira Persikabo di Shopee Liga 1 2019 berbuah panggilan ke Timnas Indonesia. Kiper berusia 25 tahun tersebut menjadi wajah yang paling asing dalam armada Simon McMenemy.
McMenemy mengumumkan 24 nama … [+1003 chars]",Penampilan impresif Angga Saputro bersama Tira Persikabo di Shopee Liga 1 2019 berbuah panggilan ke Timnas Indonesia.,2019-08-16T00:30:12Z,Bola.com,"Mengenal Angga Saputro, Kiper Tak Terkenal yang Kini Menghiasi Timnas Indonesia - Bola.com",https://www.bola.com/indonesia/read/4038976/mengenal-angga-saputro-kiper-tak-terkenal-yang-kini-menghiasi-timnas-indonesia,https://cdn1-production-images-kly.akamaized.net/-II9pjAv7SSBacGz7fhHfaKnXFc=/673x379/smart/filters:quality(75):strip_icc():format(jpeg)/kly-media-production/medias/2741553/original/097272000_1551528846-20190302YR_Persib_Bandung_Vs_TIRA_Persikabo_02.JPG,2019-08-16 11:25:26.051914
,sports,"Bola.net - Gelandang Manchester United, Paul Pogba dikabarkan masih tetap bersikeras untuk hengkang dari Old Trafford dan bergabung dengan Real Madrid pada musim panas ini.
Pogba telah lama dihubungkan dengan pintu keluar Manchester United. Beberapa waktu la… [+1563 chars]","Gelandang Manchester United, Paul Pogba dikabarkan masih tetap bersikeras untuk hengkang dari Old Trafford dan bergabung dengan Real Madrid pada musim panas ini.",2019-08-16T00:17:00Z,Bola.net,Paul Pogba Ngotot Tinggalkan Manchester United Menuju Real Madrid - Bola.net,https://www.bola.net/inggris/paul-pogba-ngotot-tinggalkan-manchester-united-menuju-real-madrid-c67ebb.html,https://cdns.klimg.com/bola.net/library/upload/21/2019/08/kovacic-pogba_8dce612.jpg,2019-08-16 11:25:26.051914
Pradipta Indra Kumara,sports,,"BolaSport.com telah merangkum berita timnas Indonesia, dari klasemen Piala AFF U-18 2019 hingga jadwal Indonesia vs Malaysia.",2019-08-16T00:04:00Z,Bolasport.com,Berita Timnas - Klasemen Piala AFF hingga Jadwal Indonesia Vs Malaysia - Bolasport.com,https://www.bolasport.com/read/311820051/berita-timnas-klasemen-piala-aff-hingga-jadwal-indonesia-vs-malaysia,https://asset-a.grid.id/crop/0x0:0x0/700x465/photo/2019/08/11/88876617.jpeg,2019-08-16 11:25:26.051914
Ahmad Tsalis,sports,"BOLASPORT.COM - Legenda Manchester United, Peter Schmeichel, memberikan pujian kepada salah satu pemain yang didatangkan Setan Merah.
Bursa transfer musim panas 2019 dimanfaatkan Manchester United untuk menambah tiga orang pemain.
Tiga orang baru yang masuk… [+858 chars]","Legenda Manchester United, Peter Schmeichel, memberikan pujian kepada salah satu pemain yang didatangkan Setan Merah.",2019-08-15T23:45:00Z,Bolasport.com,"Dari 3 Pemain Baru, Ada 1 yang Memang Tercipta untuk Manchester United - Bolasport.com",https://www.bolasport.com/read/311820036/dari-3-pemain-baru-ada-1-yang-memang-tercipta-untuk-manchester-united,https://asset-a.grid.id/crop/0x0:0x0/700x465/photo/2019/08/16/134878131.jpg,2019-08-16 11:25:26.051914
,sports,"Jakarta, CNN Indonesia -- Legenda tinju dunia, Mike Tyson punya peliharaan macan putih. Kisah Tyson membeli macan putih ternyata berawal saat ia masih di dalam penjara.Tyson merupakan salah satu atlet yang memiliki kegemaran memelihara hewan. Selain burung da… [+1243 chars]","Legenda tinju dunia, Mike Tyson punya peliharaan macan putih. Kisah Tyson membeli macan putih ternyata berawal saat ia masih di dalam penjara.",2019-08-15T23:23:26Z,Cnnindonesia.com,Kisah Tyson Beli Macan Putih - CNN Indonesia,https://www.cnnindonesia.com/olahraga/20190815165503-178-421675/kisah-tyson-beli-macan-putih,https://awsimages.detik.net.id/visual/2016/11/22/803dfeda-b55b-41b9-9609-914965361526_169.jpg?w=650,2019-08-16 11:25:26.051914
Mohammad Resha Pratama,sports,"Barcelona - Lionel Messi dipastikan absen saat Barcelona menghadapi Athletic Bilbao. Sebab, pelatih Ernesto Valverde tak mau mengambil risiko yang bisa bikin cedera Messi kian parah.Barca akan mengawali LaLiga 2019/2020 dengan tandang ke markas Bilbao di San … [+1323 chars]","Lionel Messi kemungkinan bisa absen saat Barcelona menghadapi Athletic Bilbao. Sebab, pelatih Ernesto Valverde tak mau mengambil risiko.",2019-08-15T23:20:47Z,Detik.com,Bilbao Vs Barcelona: Messi Dipastikan Absen - detikSport,https://sport.detik.com/sepakbola/liga-spanyol/d-4667682/bilbao-vs-barcelona-messi-dipastikan-absen,https://akcdn.detik.net.id/api/wm/2019/08/16/f5e8a9e0-cd44-49d3-b171-8712b31dfe68_169.jpeg?wid=54&w=650&v=1&t=jpeg,2019-08-16 11:25:26.051914
Rochmat Purnomo,sports,"Prediksi Score Madura United vs Persija JakartaLiga 1 2019 Pukul 18.30 WIB
TRIBUNNEWS.COM - Duel antara Madura United vs Persija Jakarta akan tersaji di pekan ke-14 Liga 1 2019 akan dilangsungkan di Ratu Pamelingan Pamekasan, Madura.
Laga seru antara Madura… [+1427 chars]",Prediksi Score Madura United vs Persija Jakarta Liga 1 2019 Live Indosiar Pukul 18.30 WIB,2019-08-15T22:58:17Z,Tribunnews.com,Prediksi Skor Madura United vs Persija Jakarta Liga 1 2019 Pukul 18.30 WIB - Tribunnews,https://www.tribunnews.com/superskor/2019/08/16/prediksi-skor-madura-united-vs-persija-jakarta-liga-1-2019-pukul-1830-wib,https://cdn2.tstatic.net/tribunnews/foto/bank/images/uasana-pertandingan-persija-vs-arema-fc.jpg,2019-08-16 11:25:26.051914
,sports,"Bola.net - Bintang anyar Chelsea, Christian Pulisic diyakini tak akan bisa menjadi pengganti bagi Eden Hazard yang hengkang ke Real Madrid pada musim panas ini.
Pulisic digaet Chelsea dari Borussia Dortmund sejak Januari lalu dengan biaya mencapai 58 juta po… [+1608 chars]","Bintang anyar Chelsea, Christian Pulisic diyakini tak akan bisa menjadi pengganti bagi Eden Hazard yang hengkang ke Real Madrid pada musim panas ini.",2019-08-15T22:32:00Z,Bola.net,Christian Pulisic Dianggap Takkan Bisa Gantikan Eden Hazard di Chelsea - Bola.net,https://www.bola.net/inggris/christian-pulisic-dianggap-takkan-bisa-gantikan-eden-hazard-di-chelsea-1cbc1c.html,https://cdns.klimg.com/bola.net/library/upload/21/2019/08/christian-pulisic_5a66db7.jpg,2019-08-16 11:25:26.051914
Rifqi Ardita Widianto,sports,Jakarta - Mesut Oezil dan Sead Kolasinac mengalami kejadian yang mengancam keamanan mereka jelang musim 2019/2020 dimulai. Manajer ArsenalUnai Emery memastikan keduanya baik-baik saja.Oezil dan Kolasinac bulan lalu menjadi target dua perampok bersenjata di Lo… [+1728 chars],Mesut Oezil dan Sead Kolasinac mengalami kejadian yang mengancam keamanan mereka jelang musim 2019/2020 dimulai. Unai Emery memastikan keduanya baik-baik saja.,2019-08-15T21:50:44Z,Detik.com,"Oezil dan Kolasinac Secara Mental Siap Tempur, tapi... - detikSport",https://sport.detik.com/sepakbola/liga-inggris/d-4667662/oezil-dan-kolasinac-secara-mental-siap-tempur-tapi,https://akcdn.detik.net.id/api/wm/2019/07/26/5ad9bec2-abc7-4b5d-98d1-d2b400121f5a_169.jpeg?wid=54&w=650&v=1&t=jpeg,2019-08-16 11:25:26.051914
,sports,"Bola.net - Aliansi anti Juventus terbentuk dalam perburuan striker Inter Milan, Mauro Icardi. Tiga tim raksasa Serie A, Napoli, AS Roma, dan Inter Milan, dikabarkan tengah berupaya agar penyerang asal Argentina tersebut tidak menyeberang ke Turin.
Juventus c… [+2172 chars]","Aliansi anti Juventus terbentuk dalam perburuan striker Inter Milan, Mauro Icardi. Tiga tim raksasa Serie A, Napoli, AS Roma, dan Inter Milan, dikabarkan tengah berupaya agar penyerang asal Argentina tersebut tidak menyeberang ke Turin.",2019-08-15T21:48:00Z,Bola.net,Tiga Tim Serie A Bersekongkol agar Juventus Tak Dapatkan Icardi - Bola.net,https://www.bola.net/italia/tiga-tim-serie-a-bersekongkol-agar-juventus-tak-dapatkan-icardi-18fcf9.html,https://cdns.klimg.com/bola.net/library/upload/21/2018/10/mauro-icardi_62c95d1.jpg,2019-08-16 11:25:26.051914
Usman Hadi,sports,"Sleman - Pelatih PSS Sleman, Seto Nurdiantoro, kecewa dengan hasil imbang yang diperoleh timnya. Seto penyebut permainan PSS seperti kehilangan arah saat berada di atas lapangan.PSS bermain imbang dengan Persela Lamongan dalam lanjutan Liga 1 di Stadion Maguw… [+1636 chars]","Pelatih PSS Sleman, Seto Nurdiantoro, kecewa dengan hasil imbang yang diperoleh timnya. Seto penyebut PSS seperti kehilangan arah saat berada di atas lapangan.",2019-08-15T21:04:23Z,Detik.com,PSS Kehilangan Arah Permainan Lawan Persela - detikSport,https://sport.detik.com/sepakbola/liga-indonesia/d-4667673/pss-kehilangan-arah-permainan-lawan-persela,https://akcdn.detik.net.id/api/wm/2019/08/16/f7227f77-fac2-4f43-843d-b41ba9b28ce1_169.jpeg?wid=54&w=650&v=1&t=jpeg,2019-08-16 11:25:26.051914
Susanto,sports,"BARCELONA - Penampilan buruk yang diperlihatkan Jorge Lorenzo di tim balap Repsol Honda membuat masa depannya jadi pembicaraan. Spekulasi mencuat, menyebut Honda akan segera memecat Lorenzo. Sejak melakoni debut bersama tim Repsol Honda di MotoGP 2019, Lorenz… [+840 chars]",Penampilan buruk yang diperlihatkan Lorenzo di tim balap Honda membuat masa depannya jadi pembicaraan. Manajer tim Alberto...,2019-08-15T19:00:00Z,Sindonews.com,Manajer Honda Jamin Masa Depan Jorge Lorenzo - SINDOnews.com,https://sports.sindonews.com/read/1430322/49/manajer-honda-jamin-masa-depan-jorge-lorenzo-1565878114,https://cdn.sindonews.net/dyn/620/content/2019/08/15/49/1430322/manajer-honda-jamin-masa-depan-jorge-lorenzo-6G3.jpg,2019-08-16 11:25:26.051914
,sports,"Bola.net - Kasus rasisme belum juga hilang dari dunia sepak bola. Kali ini yang menjadi korbannya adalah penyerang muda Chelsea, Tammy Abraham, dalam laga UEFA Super Cup belum lama ini.
Seperti yang diketahui, Chelsea dipertemukan dengan Liverpool dalam ajan… [+2588 chars]","Kasus rasisme belum juga hilang dari dunia sepak bola. Kali ini yang menjadi korbannya adalah penyerang muda Chelsea, Tammy Abraham, dalam laga UEFA Super Cup belum lama ini.",2019-08-15T17:30:00Z,Bola.net,Kasus Rasisme Kembali Terjadi di Laga Liverpool vs Chelsea - Bola.net,https://www.bola.net/champions/kasus-rasisme-kembali-terjadi-di-laga-liverpool-vs-chelsea-b9aca9.html,https://cdns.klimg.com/bola.net/library/upload/21/2019/08/tammy-abraham-1_3fd18f5.jpg,2019-08-16 11:25:26.051914
Mohammad Resha Pratama,sports,"Southampton - Southampton tentu diuntungkan dengan adu penalti di Piala Super Eropa. Tapi, manajer Ralph Husenhuettl tak percaya Liverpool kelelahan setelah itu.Meski berhasil juara Piala Super Eropa, The Reds mendapatkannya dengan bersusah payah, melewati dr… [+1931 chars]","Southampton tentu diuntungkan dengan adu penalti di Piala Super Eropa. Tapi, manajer Ralph Husenhuettl tak percaya Liverpool kelelahan setelah itu.",2019-08-15T17:15:42Z,Detik.com,Manajer Southampton: Masa Sih Liverpool Kelelahan? - detikSport,https://sport.detik.com/sepakbola/liga-inggris/d-4667641/manajer-southampton-masa-sih-liverpool-kelelahan,https://akcdn.detik.net.id/api/wm/2019/08/15/005c3ebe-977a-434d-9382-f4039487039e_169.jpeg?wid=54&w=650&v=1&t=jpeg,2019-08-16 11:25:26.051914
